UUID,Title,"First Name","Last Name","Street Address",Barangay,Municipality,Province,Country,"Phone Number","Mobile Number","Company Name","Company Website","Job Title","Favorite Color",Birthdate,"Email Address",Password
ec68c7cb-37a1-3f6c-8c0d-82e234e16555,Dr.,Ignatius,Kris,"57/26 O'Connell Gateway Apt. 851",Poblacion,Tubo,"Camarines Sur","Cape Verde",857-439-947,"+63 (949) 508-5506","Barrows, Davis and Christiansen",hessel.com,"Metal Worker",black,2023-03-18,lhuels@stanton.info,"""(#!E|^""*i"
9b25dc7e-d357-384a-b0d5-783c18ea33fb,Mr.,Ruby,Bechtelar,"75A Kozey Rapids Suite 032",Poblacion,Altavas,"Agusan del Norte",Pakistan,433-330-934,"+63 (948) 283-0830","Cassin, Weissnat and Cassin",cruickshank.org,"Personnel Recruiter",yellow,1984-04-23,bayer.lionel@gleason.net,7UY-CCOJ
72313b38-6c04-39d1-86e5-088d7925ec30,Dr.,Makenna,Kreiger,"75/56 DuBuque Forges Suite 373",Poblacion,Upi,Pampanga,Afghanistan,576-261-421,"(0943) 075-0153",Klocko-Bode,hegmann.com,"Philosophy and Religion Teacher",black,1980-01-05,rosanna.gerhold@gmail.com,4S/a*xC+>
1b3acf05-2e36-3dea-8ab6-76740d6d96e1,Miss,Alexandrea,Mertz,"65/95 Gislason Squares",Poblacion,Carrascal,Leyte,Paraguay,596-937-812,"+63 (813) 738-7885","Parisian Inc",barrows.info,"Home Entertainment Equipment Installer",silver,2003-09-06,yasmeen62@olson.com,oLt@>0=z&NXO
a250b304-d492-3f0b-8fda-1814f4493af6,Dr.,Johnson,Tremblay,"96/78 Altenwerth Valleys Apt. 149",Poblacion,Baleno,Cebu,Montserrat,202-191-028,"(0926) 851-9772","Gaylord, Rutherford and Beier",kuhic.biz,"Protective Service Worker",purple,1992-02-14,ronny75@shields.com,}v{Q)[j}+
015ea5b1-0157-3a0e-90b8-fd1896f4f8e7,Mr.,Justyn,Gerhold,"62A/07 Wilkinson Glens Apt. 150",Poblacion,"San Juan",Aklan,Belarus,345-173-993,"+63 (949) 531-9112",Corkery-Tromp,cartwright.com,"Medical Scientists",navy,2002-10-30,zmarvin@konopelski.com,"i;v88Qt\"
3d2c066a-511e-3d28-bba5-55c1fc44f216,Dr.,Dave,Yost,"14A Aufderhar Inlet",Poblacion,Kadingilan,Isabela,Belize,626-922-280,"+63 (999) 123-5379","Haag, Trantow and Rice",funk.com,"Police Detective",green,1982-05-24,jazmyne.rowe@ondricka.net,xAih]S[o
79e174d8-2809-39d9-a9d9-b475259e846c,Prof.,Jerry,Thompson,"39 Williamson Ports",Poblacion,Banisilan,"Northern Samar",Madagascar,805-375-366,"+63 (979) 110-6011","VonRueden, Kunze and Schinner",konopelski.com,"Government Service Executive",fuchsia,1980-09-25,gkerluke@hotmail.com,"?;3'^}:QJl\F"
fee8947c-9783-37ae-aeeb-68071008571b,Mrs.,Sister,Considine,"99A Boyer Lake Suite 683",Poblacion,Quirino,Apayao,Bangladesh,892-089-562,"(0946) 168-5325",Baumbach-Toy,franecki.com,"Tax Preparer",white,1994-01-13,fsmitham@gmail.com,CuONI!}:%5'
a8b77c70-ffd2-3f23-8acc-44fb74794675,Dr.,Godfrey,Cruickshank,"31A Hyatt Port",Poblacion,Catanauan,Albay,"Solomon Islands",209-053-603,"(0996) 993-9055","Frami, Effertz and Gusikowski",bogan.org,"Data Processing Equipment Repairer",maroon,1976-01-10,jkassulke@kreiger.biz,oD8<yZUD<1f
3602a0d8-3995-3e6c-903c-b01c81d07d34,Prof.,Vida,Windler,"14 Legros Parkways Apt. 160",Poblacion,Bansalan,Benguet,"New Zealand",249-089-933,"(0979) 424-5375",Mayer-Jast,mckenzie.net,"Physical Therapist Aide",black,1989-03-19,lschuster@leannon.com,%lb]p#MkC]3[
148062b7-579d-3d75-8483-e036b52111e9,Ms.,Sarah,Gerhold,"88/95 Kuhic Gateway Suite 789",Poblacion,Uyugan,Basilan,Romania,428-309-619,"+63 (979) 619-2029","Rogahn Group",fay.com,"Transportation and Material-Moving",aqua,1991-12-16,lazaro.dickens@hackett.info,u6#5=bOtKy+K
a805467d-f4f1-311a-9f1e-a2e04bdd4ef7,Mr.,Adam,Aufderhar,"95 Ratke Mission Suite 113",Poblacion,Paracelis,Guimaras,Switzerland,182-122-786,"+63 (934) 286-1526",Smitham-Bogan,hegmann.com,"Precision Instrument Repairer",yellow,2003-07-30,grace23@hotmail.com,;P5!d;/cN
edd09e32-3066-3328-9069-5e436d3a1057,Prof.,Brenna,Kohler,"00A/40 Stehr Cape",Poblacion,Isabela,"Camarines Sur",Romania,602-334-577,"(0997) 550-1312",Conroy-Pouros,purdy.biz,"Ship Carpenter and Joiner",fuchsia,1988-04-18,wisozk.arvilla@gmail.com,GeK{w.SC:p(W
c06621e7-1b2f-358e-9596-083174f2a2ae,Miss,Katelyn,Price,"15 Pagac Mills Apt. 775",Poblacion,"Delfin Albano",Aklan,Greenland,328-172-560,"(0909) 401-2661","Farrell, Jerde and Wiza",ledner.net,"Mechanical Equipment Sales Representative",blue,1975-05-24,dayton73@glover.com,Z>Dp'dwZ
07cb8c00-b364-394d-8fb2-d9e21f0af423,Mr.,Diamond,Miller,"67A Goldner Parkway",Poblacion,Pateros,"Negros Oriental","United States Virgin Islands",458-677-039,"+63 (915) 540-5425","Kohler Inc",reichert.com,"Home Entertainment Equipment Installer",lime,1986-06-27,nlakin@yahoo.com,dKb4nC})s
e3e1beef-11b4-31d2-8850-8478ffda230f,Dr.,Dandre,Lemke,"22 Padberg Flat Apt. 825",Poblacion,Atok,Sulu,Malta,281-450-571,"(0912) 094-6514","Schuppe, Tillman and Goyette",hayes.com,"Packer and Packager",purple,2006-04-10,boyle.adonis@gmail.com,"\|p]SKk'&4l"""
b9536ab1-f235-303c-ba87-5166afe3fbd8,Miss,Alek,Strosin,"71A/54 Watsica Island",Poblacion,"Las Nieves",Catanduanes,Namibia,840-612-322,"+63 (994) 611-3272",Corkery-Sipes,muller.net,"User Experience Manager",black,1972-06-29,tillman.jermaine@wiegand.com,3R7Kl$u(0'&
0192fccc-ff36-389a-b3d2-17175343b2ca,Dr.,Walter,Dach,"00A/05 Hills Summit Apt. 567",Poblacion,Bontoc,Basilan,Cuba,912-643-929,"(0911) 835-9157","Huel Group",lehner.com,Shampooer,yellow,1983-09-07,jensen11@hotmail.com,m@4<XM{uX%
560905ae-d688-3468-80ab-0664b87f2ece,Dr.,Jaida,Mayert,"42 Torp Pine Apt. 027",Poblacion,Bubong,Benguet,"Kyrgyz Republic",554-693-099,"+63 (978) 103-7826","Abbott LLC",willms.com,"Central Office",gray,1989-10-27,aileen24@vandervort.info,"\NB~~6.rIRz"
af033763-00ae-353a-ba09-6a91444455fe,Miss,Edmond,Barton,"58 Swift Ramp Suite 299",Poblacion,Matag-ob,"South Cotabato","United Kingdom",084-448-294,"(0942) 665-5045","Price, Schimmel and Senger",rogahn.info,"Costume Attendant",olive,1984-09-03,camron85@bradtke.biz,@l1)Pq*dh+9
464fc949-ef83-39ab-b73a-aec8879187c6,Prof.,Samantha,Greenfelder,"62/64 Casper Parkways",Poblacion,Roxas,Bukidnon,Uzbekistan,330-308-257,"+63 (908) 887-2384","Koepp Ltd",stark.com,"Hand Sewer",aqua,1999-11-04,haleigh.harber@hotmail.com,I=?CMcIsh@'
d58b96ec-f774-3958-99c0-422d0aaf6bc6,Prof.,Dorthy,Simonis,"86 Moen Glens",Poblacion,Norzagaray,Pangasinan,"Norfolk Island",987-561-633,"(0998) 028-3777","Trantow, Marks and Harvey",kunze.com,Garment,aqua,2021-05-22,fmills@yahoo.com,"Ii1u3s~/"""
93917f83-b95d-3db0-8c30-7ac4438babc1,Prof.,Keyshawn,Eichmann,"80/96 Homenick Mountain Suite 812",Poblacion,Pagalungan,"Agusan del Norte",Barbados,482-424-911,"+63 (936) 690-9669","Lowe Ltd",brekke.net,"Statistical Assistant",yellow,1978-08-29,haley.kennith@fadel.com,myO_l|5Ct
034bf49e-21e9-3a38-923c-d4781929985b,Mr.,Fatima,Johnson,"22A Cronin Forge",Poblacion,"San Ildefonso",Sulu,Togo,834-312-293,"+63 (908) 365-2125","Vandervort Group",kuvalis.com,"Product Specialist",navy,2005-05-02,reinger.cielo@hotmail.com,"U""_Pz_Z:t"
b9f1da15-7911-3b26-b4fa-de4690c75fa5,Prof.,Delphia,Aufderhar,"18A Borer Turnpike",Poblacion,Virac,Iloilo,Jamaica,342-192-397,"(0997) 661-6493","Raynor PLC",davis.com,"Substation Maintenance",purple,1993-10-04,chyna80@ward.com,Z)i^)8mS@F
0b912a7d-eab0-3947-8210-9a0be314fec6,Miss,Brayan,Tromp,"38A/11 Ritchie Ports",Poblacion,"Jose Panganiban",Pampanga,Latvia,859-181-992,"(0977) 810-0992","Quigley, Hilpert and Bosco",beatty.com,"Audio and Video Equipment Technician",navy,2000-12-17,davis.carlo@gmail.com,"CpBR6o1L7""2"
ca93194f-f5e9-3a10-8812-4108a2ec872f,Prof.,Violette,Walter,"01A/31 Gerhold Mill Suite 063",Poblacion,Burgos,"Ilocos Sur","Lao People's Democratic Republic",668-373-540,"(0908) 242-4992",Frami-Stiedemann,mclaughlin.com,"Fabric Mender",yellow,1983-06-16,lori.willms@quigley.info,*2olr5Mpf
ac42880f-90cb-3733-9237-311eadd05214,Prof.,Clovis,Ebert,"33/70 Paucek Prairie Apt. 623",Poblacion,Tabina,Ifugao,"Saint Kitts and Nevis",577-952-492,"+63 (932) 045-9264",Harber-Smitham,dooley.biz,"Reporters OR Correspondent",maroon,2014-08-17,crystal63@gmail.com,7W.xo_Y=Zl3M
5e9ceb71-8657-358b-922a-6232416fa4b4,Miss,Lavon,DuBuque,"62 Cremin Rue",Poblacion,Maribojoc,Quezon,Turkmenistan,324-386-033,"+63 (932) 115-8751","Kirlin Group",treutel.com,"Psychology Teacher",aqua,2004-10-20,skye72@hotmail.com,RbZcmM:[k~u
758ace7c-e0df-3b1f-959a-101dbc1d8dd9,Prof.,Nedra,Fritsch,"81A/75 Ferry Trail Suite 924",Poblacion,Bumbaran,"La Union",Macedonia,693-880-659,"+63 (989) 566-3066",Leffler-Mayert,smith.biz,"Plating Operator",purple,1996-12-20,dicki.alf@hotmail.com,_:NRRWEen.J
c41c9ccf-51e8-3888-9a6e-9426c2879678,Mr.,Roxanne,Nader,"08A Marvin Brooks",Poblacion,Bobon,"Compostela Valley",Chile,868-855-597,"(0938) 641-1424","Effertz LLC",beier.com,"Financial Analyst",fuchsia,1989-04-29,berge.aylin@gmail.com,"^0PR,NvT&y8R"
e3dd13a7-124e-3f03-97a9-18d58ab9a3be,Prof.,Grace,Sawayn,"15A/57 Pacocha Squares",Poblacion,Mariveles,Bohol,"French Southern Territories",658-623-207,"(0940) 729-4780","Hettinger and Sons",king.com,"Respiratory Therapy Technician",purple,2020-04-13,nkulas@yahoo.com,BOIt/z@z$
33bddefc-20eb-39f2-9a69-9c2fec64cb9f,Mr.,Dortha,Okuneva,"03A Hettinger Estate",Poblacion,Pavia,"Eastern Samar","Trinidad and Tobago",200-254-503,"(0978) 931-1264",Mayer-Cruickshank,heaney.com,"Library Worker",blue,2011-08-10,eblanda@rutherford.com,"4cxl+c?,vR*D"
a4ad8fbd-7118-30ff-8b18-1c9257f228af,Mrs.,Scarlett,Ernser,"25/99 Jones Rue",Poblacion,"New Corella","Camarines Norte","Cape Verde",728-199-215,"(0938) 023-8114","Welch and Sons",gulgowski.net,"Installation and Repair Technician",gray,2003-07-30,pkilback@jacobi.info,"9>;""f=LN"
943b28f3-1022-394f-9d57-37cb88e45208,Miss,Lenora,Nitzsche,"35/58 Prohaska Views Apt. 692",Poblacion,Matalom,Cebu,Malawi,807-973-238,"(0908) 912-8653","Padberg Ltd",lang.org,"Licensed Practical Nurse",navy,2022-11-07,marquis45@gmail.com,"%_t0E2^YRq"""
cdb1055b-4eee-34e6-9e24-1e06bb8766e0,Mrs.,Chester,Deckow,"82A/84 O'Kon View Suite 061",Poblacion,Ditsaan-Ramain,Palawan,Hungary,281-698-305,"+63 (975) 562-9202","Boyle, Farrell and Wolf",greenholt.com,"Cardiovascular Technologist",blue,1983-12-15,telly.maggio@hotmail.com,(3@]c;*Z:_&S
851e6ca1-4ea1-3e08-a75c-fea9237da2d6,Dr.,Josephine,Lebsack,"44A/19 O'Hara Courts",Poblacion,Banna,"Metro Manila",Mongolia,290-530-871,"+63 (947) 359-0285","Schumm, Frami and Dickens",zulauf.com,"Compliance Officers",fuchsia,1974-06-04,carter89@hartmann.com,FH4r8n@A
3a21595f-70f1-3697-bc8c-b9200c2e2588,Mrs.,Sigmund,Altenwerth,"42 Cormier Groves",Poblacion,"Northern Kabuntalan",Tarlac,"Solomon Islands",326-166-534,"+63 (978) 687-0853","Kutch, Wehner and Beatty",heidenreich.info,"Hazardous Materials Removal Worker",gray,2018-02-14,eschulist@hotmail.com,0:')G~qLu
6eed1f6c-c0d5-3b69-86e1-004acf4c41b5,Dr.,Angelo,Kris,"06A/69 Herman Divide Suite 015",Poblacion,Bangui,"Surigao del Sur",Qatar,603-969-300,"+63 (912) 778-4160",Dooley-Kautzer,mante.com,"Probation Officers and Correctional Treatment Specialist",maroon,1979-03-22,jewell05@haley.net,-ES5u+8?@g6
b704623d-7dc2-357c-973b-a973b2797b5c,Dr.,Ciara,Senger,"87A/17 Baumbach Parkways Suite 374",Poblacion,Maydolong,"Agusan del Norte","United Arab Emirates",926-018-695,"(0971) 060-8443","Koelpin Ltd",hilpert.biz,"Municipal Fire Fighting Supervisor",teal,1985-07-12,berneice46@blanda.net,4g.UDRhK$d*P
9181acff-49f4-3619-9332-c3b4c29da594,Prof.,Yessenia,Miller,"52 Schamberger Locks Apt. 372",Poblacion,"Victorias City","Occidental Mindoro",Colombia,031-646-790,"(0912) 074-5408",Willms-Hackett,feest.info,Orthodontist,blue,1992-04-02,hankunding@windler.com,]ml+QHJ9
7727e5b6-d3d0-3a20-ba80-b0ee0f696a06,Mrs.,Burnice,Runolfsson,"85/98 Hansen Plains Suite 158",Poblacion,Natividad,"Occidental Mindoro",Vanuatu,261-962-518,"+63 (817) 860-7329",Hermiston-Stamm,beahan.net,"Nuclear Power Reactor Operator",aqua,2003-01-24,nienow.leora@yahoo.com,qbPhd8t9v34v
02c8a97c-c009-3e52-8d6a-c9742986019b,Dr.,Daniella,Macejkovic,"80/68 Deckow Club",Poblacion,Aurora,Pampanga,Nepal,536-924-725,"(0813) 606-5571","Upton, Von and Purdy",king.org,"Plumber OR Pipefitter OR Steamfitter",purple,2005-11-03,watson04@gmail.com,vaF?vT{)
ee4c3978-82b2-3ae7-a388-7f2b7d3e4dba,Prof.,Adeline,Corkery,"46/79 Howe River",Poblacion,Banga,Siquijor,"Puerto Rico",287-016-863,"(0925) 363-5838",Muller-Fisher,fadel.com,"Molding and Casting Worker",aqua,2005-09-20,mac.hirthe@hotmail.com,1=IVi1H>
dc6825df-f2e5-384b-bd8c-5493348674ff,Ms.,Alison,Kertzmann,"01A/26 Oberbrunner Forges Suite 015",Poblacion,Libertad,Ifugao,Tanzania,230-638-813,"+63 (918) 463-6016",Runolfsdottir-Carter,grant.com,Sociologist,navy,2012-05-16,raul.towne@wyman.com,N]}jFZ}O3(r
77be75c8-5091-343c-a35a-46755ea54a34,Mr.,Annabell,Moen,"77 Champlin Trail Suite 512",Poblacion,Tamparan,"Occidental Mindoro",Niger,738-848-319,"(0917) 403-6226",Beer-Volkman,schimmel.com,"First-Line Supervisor-Manager of Landscaping, Lawn Service, and Groundskeeping Worker",fuchsia,1994-03-30,runolfsson.curt@beatty.com,d+qkcKnl^
6822afd3-62c3-38b2-9074-8584d40d45e9,Miss,Clement,Daugherty,"55A/31 Runolfsdottir Estates",Poblacion,"San Remigio",Antique,Samoa,735-333-946,"+63 (907) 298-7490","Lemke, Bahringer and Bergstrom",gusikowski.net,"Power Plant Operator",aqua,2022-01-19,randi35@gmail.com,"Bb0\TD/w,P"
1eb259ee-7351-3b3e-8760-f7520ba6563c,Dr.,Summer,Borer,"82/91 O'Reilly Mission",Poblacion,Calape,Abra,Uganda,395-274-127,"(0973) 126-5595","Weber LLC",emard.com,"Photographic Restorer",white,2017-05-08,zkshlerin@luettgen.biz,"L_z?U&""Vh,"
3aad0357-ab59-3588-9e01-2aa5973f1b92,Prof.,Shany,Howell,"65A/65 Kihn Greens",Poblacion,Dumaran,Aklan,"Turks and Caicos Islands",043-325-778,"+63 (978) 981-2925",Konopelski-Anderson,kris.biz,"Industrial Engineer",olive,2006-01-03,lucius11@gmail.com,XV}WapyW
c83378d7-4357-3a65-a5cf-9b0b00e17bfc,Miss,Donald,Botsford,"20 Terry Shoal Suite 048",Poblacion,Cajidiocan,Pampanga,Myanmar,023-452-848,"(0817) 572-7893","Doyle Inc",harvey.com,"Terrazzo Workes and Finisher",black,1977-10-19,xkoelpin@grady.com,"9X0<[!""`x9"
4c321ff2-679a-3314-8001-15dea441409a,Ms.,Jay,Anderson,"96A/70 Robel Springs",Poblacion,Cabatuan,Capiz,"Saudi Arabia",624-785-272,"+63 (919) 371-7556",Wilderman-Ritchie,rohan.com,"Precision Pattern and Die Caster",white,2004-06-15,grant.irwin@rowe.com,"iEb\3LG0"
e6d4fbab-adae-3784-bd57-a22143dd8330,Mr.,Johnathan,Stehr,"94A/70 Keeling Corner",Poblacion,"San Carlos City",Cotabato,Tajikistan,693-338-364,"(0947) 016-9729","Glover LLC",powlowski.com,"Budget Analyst",silver,2013-07-30,tobin.morar@gmail.com,T~E$(4BZ:-
e5a6cc2d-a7d5-36f3-ba75-ccf96b775e23,Mr.,Sophie,Langosh,"71A Ritchie Drives",Poblacion,Tinambac,"Agusan del Norte","Falkland Islands (Malvinas)",939-244-064,"+63 (994) 696-9114","Hackett, Hegmann and Roob",champlin.net,"Explosives Expert",navy,1997-02-01,elnora.walker@purdy.com,!8BzJC.S7w
a7e16950-3623-3634-b053-1376e2d1faad,Prof.,Cathy,Medhurst,"03A Conroy Park Suite 530",Poblacion,"Victorias City",Leyte,Albania,813-319-830,"+63 (923) 063-9053",Runolfsdottir-Eichmann,stark.net,"Manufacturing Sales Representative",maroon,1985-06-17,reina.barrows@cummerata.info,Re`}Onmx&uM
15061552-b375-3746-9364-287d23db9be7,Prof.,Fabian,Kuhlman,"50A/45 Prohaska Oval Apt. 026",Poblacion,Bautista,Kalinga,"Antigua and Barbuda",458-862-574,"+63 (998) 870-8534","Schoen Ltd",luettgen.net,"Directory Assistance Operator",olive,2010-12-22,samantha95@borer.biz,"NXq3[,[s"
e5d91772-aede-3871-b2b5-ce67a2862400,Mr.,Dixie,Beatty,"41A Baumbach Motorway Apt. 021",Poblacion,Mapun,"Southern Leyte",Germany,651-661-833,"+63 (933) 125-3898","Rippin, Conroy and Barrows",schumm.com,"Train Crew",white,2004-06-05,estoltenberg@gmail.com,5=*PMEZ}.e!C
5174e556-153a-3580-ae60-a6215392cd9d,Ms.,Genoveva,Koepp,"17 Bogan Wall",Poblacion,Balangkayan,Capiz,Cyprus,823-201-573,"(0936) 578-7190","Moore Inc",brekke.com,"Photographic Developer",navy,1983-04-06,loma.macejkovic@reinger.com,8IQek'`A
771d5851-b938-3c62-9d06-b6f10ba43172,Prof.,Lawson,McLaughlin,"32 Yundt Island Suite 727",Poblacion,"Barotac Viejo","Agusan del Norte","United Kingdom",708-440-995,"+63 (909) 238-4993",Bartell-Ruecker,hintz.com,Farmer,yellow,1981-04-25,hermiston.lessie@gmail.com,tb-P/cXmu$S
4ffdea06-c67c-3dea-82be-10f7ee578024,Prof.,Alejandrin,Daugherty,"98A/71 Beatty Courts",Poblacion,Bacarra,"Zamboanga del Sur","South Georgia and the South Sandwich Islands",826-060-661,"(0975) 876-9801","Walter and Sons",mante.com,"Tractor Operator",yellow,1974-04-02,nestor.hodkiewicz@hotmail.com,"2nY-,&&i"
5e49ea47-7e09-3cf3-9abb-5d79244b6000,Dr.,Pablo,Haley,"78/46 Hill Center Suite 782",Poblacion,Boston,Romblon,Cuba,114-603-822,"(0922) 793-5095","Carroll Ltd",schaden.com,Sculptor,blue,1993-01-25,lou.brown@tillman.com,7q+;ZIZv]7E
aca1b47e-d4ad-3635-95ba-4486a1ac83a5,Mr.,Axel,Lakin,"46/24 Johns Run",Poblacion,Badiangan,Guimaras,Belize,258-787-035,"+63 (929) 315-4194","Rodriguez, Halvorson and Spinka",kuvalis.org,"Refractory Materials Repairer",olive,1998-09-29,fisher.marvin@sporer.net,f+|Uyt{z[
0601953c-cc18-38e3-9cba-9481d5e2a986,Prof.,Garrett,Mann,"73A Veum Parks",Poblacion,Maydolong,Cagayan,Myanmar,203-949-962,"+63 (931) 624-9663","Kessler and Sons",lesch.com,Stevedore,black,2014-01-24,colten.nikolaus@walsh.com,moqQ9A:%%v
455be178-9a85-30d1-8687-2159424df14c,Prof.,Celestino,Rolfson,"06A Koss Divide Apt. 844",Poblacion,Arakan,"Negros Occidental","Northern Mariana Islands",493-211-160,"(0922) 965-0294","Stracke, Pfeffer and Kunde",collins.net,Inspector,green,2022-01-25,grimes.peggie@gmail.com,;}YYQ!=G
7a29870e-0d58-3810-a4fd-42703bb19145,Prof.,Norene,Parisian,"83 Dietrich Walk Apt. 238",Poblacion,Dauis,"Oriental Mindoro","Wallis and Futuna",322-466-036,"(0933) 609-0655",Jacobi-Hyatt,willms.com,"Pest Control Worker",maroon,1997-05-15,barbara88@yahoo.com,soYKkdF8
77d05632-f92b-3e76-8588-dd8fef732211,Dr.,Jensen,Wiza,"25A/43 Kris Islands",Poblacion,Isabel,"Eastern Samar","South Georgia and the South Sandwich Islands",684-619-362,"(0936) 938-6861",Howe-Towne,daniel.com,"Nursing Instructor",blue,2020-05-13,josh.kulas@gmail.com,<GdxiWdr
9e1fee99-7c18-34ef-a3de-ffa390a4a300,Prof.,Beaulah,Hirthe,"44A Greenfelder Spurs",Poblacion,Balingasag,Sorsogon,Greenland,667-968-366,"+63 (971) 314-5232","Gutmann, Bergstrom and Barrows",aufderhar.com,"Night Security Guard",blue,2007-07-01,lharris@hotmail.com,"pB_UW""61u^["
43f003d6-c372-3504-8598-75cbbf529d0f,Mr.,Oren,Baumbach,"54A/19 Bechtelar Stream Apt. 582",Poblacion,Simunul,"Negros Occidental",Turkmenistan,082-959-713,"(0978) 814-6982",Zieme-Fritsch,gutmann.com,"Military Officer",lime,1985-10-30,emueller@bahringer.com,}6I_e5rTAur{
25ecd7cb-e010-37e5-aefb-0395f532f82f,Prof.,Bernita,Howe,"99 Wolf Fields Apt. 513",Poblacion,Kawayan,Ifugao,"Saint Barthelemy",850-326-504,"+63 (935) 274-7536","Yundt, Harvey and Lemke",hamill.com,"Environmental Engineering Technician",white,1975-12-01,robel.cristopher@yahoo.com,}#kP`2Opa
b65c2c35-8945-3186-ad1a-a0699797dd0b,Miss,Isaac,Mraz,"39/29 Stamm Forges",Poblacion,Lubuagan,Romblon,Iran,684-575-589,"(0978) 801-4208",Cremin-Smith,davis.biz,"Talent Acquisition Manager",white,1988-03-30,kennith82@gmail.com,$u)eaip:Mkk<
77499073-024f-3243-82f2-9e10e8920c2a,Mr.,Rowan,Dooley,"36 Stracke Island",Poblacion,"Garcia Hernandez","Zamboanga del Sur","French Southern Territories",811-642-136,"(0948) 912-5991","Homenick, Renner and Zemlak",dicki.biz,"Environmental Scientist",purple,2017-06-05,hobart17@hotmail.com,r'*QjRh~
e76f2caa-5955-39ac-b1b2-5fd6e1999d38,Prof.,Alize,Bahringer,"83A Toy Common Suite 077",Poblacion,"Kidapawan City","Davao del Sur",Jamaica,455-151-447,"+63 (930) 380-2177","Crona Inc",wiza.info,Telemarketer,fuchsia,1980-11-28,nbalistreri@hotmail.com,tY=BkX/%|01
3dfda91a-b914-3b81-8803-7b12fe952c99,Miss,Marjolaine,Abbott,"12/55 Becker Road",Poblacion,Badoc,Cavite,"Western Sahara",872-408-665,"+63 (932) 785-1197","Jenkins LLC",rempel.net,"Ship Carpenter and Joiner",lime,1979-09-24,dbarton@yahoo.com,"^8%%Hi\3"
67a8cb3f-0e38-394d-8310-722729b6406d,Dr.,Chaya,Schroeder,"27 Hickle Lane Apt. 192",Poblacion,Maasin,Bukidnon,Mozambique,100-352-591,"+63 (915) 870-0213","Hand Inc",monahan.com,"Power Plant Operator",white,2019-08-03,summer.hane@tremblay.info,y_4`M!*-%
15a695f5-d0d3-3dd0-979a-f2d718f37abc,Mr.,Josefina,Fritsch,"46A/51 Schaefer Roads Apt. 617",Poblacion,"Benito Soliven",Bohol,Yemen,453-035-666,"(0910) 831-6115",Quitzon-Daniel,lehner.net,"Alteration Tailor",purple,1995-01-11,eliezer.lynch@grimes.info,*zx$gU_T=e>
48628a21-9fbe-373c-a64d-3807a06e5f94,Mr.,Isobel,Cremin,"27A/54 Deckow Radial",Poblacion,"Surigao City",Siquijor,"Brunei Darussalam",477-486-277,"(0979) 845-1792","Schamberger Group",wolff.com,"Distribution Manager",maroon,1982-11-23,brielle12@torp.com,"u-N,E77`ttws"
404467cd-ee71-389c-bcb2-2aeabcaa8924,Dr.,Natasha,Borer,"07A Tromp Dale Suite 850",Poblacion,Balindong,Sarangani,Thailand,495-752-514,"(0909) 803-3225","Feest Inc",kutch.com,"Technical Specialist",purple,1992-03-02,wschuppe@yahoo.com,oP3YT;tLq}
f2161eeb-3508-3a81-a419-4c074a7bbe3e,Dr.,Immanuel,Gleason,"99/56 Prohaska Square",Poblacion,"San Jorge","Mountain Province",Sweden,613-770-935,"(0940) 706-5110","Altenwerth, Denesik and Paucek",kirlin.com,"Electrical Sales Representative",gray,2003-04-04,frida61@yahoo.com,0vol+M(^;O
79a4ead6-7c1a-3393-b28c-c9f8dd7bac2e,Prof.,Antone,Runolfsdottir,"18A/52 Hirthe Point Suite 275",Poblacion,Getafe,Biliran,"Turks and Caicos Islands",265-943-831,"+63 (923) 364-4393","Block, Beatty and Kertzmann",nader.com,CSI,green,2017-08-08,otilia40@hotmail.com,T4KCMZS(E
19915762-5a9e-33db-b565-4f6e5c684542,Ms.,Danika,Daugherty,"34/66 Boyle Burgs Apt. 574",Poblacion,Lupon,"Agusan del Sur",Croatia,290-604-704,"(0936) 439-7293","Kuhn, Wunsch and Walker",fritsch.biz,"Battery Repairer",white,2001-05-02,ecorwin@ferry.biz,2_qM7u(x?&8}
abe52bf8-3b38-3127-974b-1039eddfc863,Prof.,John,Daniel,"53/12 Buckridge Lock",Poblacion,Imelda,"Southern Leyte",Vanuatu,556-262-872,"(0900) 335-5517",Hackett-Davis,dach.info,"Agricultural Crop Farm Manager",purple,2007-03-05,jalon34@gorczany.com,"1\+""SM!%\"
390009e2-be97-3375-a29c-aee0d83ca0b7,Ms.,Torrance,Bergstrom,"54A/59 Streich Pass Suite 489",Poblacion,Mambusao,"Nueva Vizcaya",Montserrat,099-522-805,"+63 (930) 328-6835","McKenzie, Armstrong and Waters",christiansen.com,"Rough Carpenter",aqua,1989-06-28,blaise.mann@rodriguez.com,`da*kcXp
ab832ac7-ab01-3eac-ab3f-625140978ba8,Prof.,Floyd,Dibbert,"09A/41 Lockman Radial",Poblacion,Daanbantayan,Bulacan,Colombia,973-753-631,"(0939) 142-8816","Nitzsche, Baumbach and Williamson",quigley.net,"Broadcast Technician",navy,1990-05-22,elton.russel@gmail.com,[tg2]Dm&./N
e47e6ba3-6ad7-3a61-8998-83acb226d009,Mr.,Ezequiel,Beer,"13/44 Krajcik Loop Suite 580",Poblacion,Divilacan,"Sultan Kudarat","Cocos (Keeling) Islands",224-478-677,"+63 (974) 172-2616","Champlin, Stamm and Rowe",boehm.biz,"Electric Motor Repairer",white,1990-10-29,hubert.reichert@haley.net,"W.]E9YNg6vj,"
e7a5875b-7d59-3786-ae1f-a37e30fa9ec0,Dr.,Beatrice,Kassulke,"69/17 Leffler Lane",Poblacion,Libjo,Albay,Burundi,264-753-443,"+63 (906) 991-8323","Hill LLC",hartmann.org,"Chemistry Teacher",yellow,2005-05-25,mavis.lemke@hotmail.com,lBdGKuQ:&.3
03d0f67b-546b-3dc6-9c74-0a7b8ba94dc5,Mrs.,Kiarra,Gottlieb,"55A/12 Lynch Mountain Apt. 626",Poblacion,Atok,"Ilocos Norte",Anguilla,678-796-045,"(0949) 988-7571","Bradtke, Metz and Gleason",cruickshank.com,Telemarketer,yellow,2004-10-06,cruickshank.chesley@swaniawski.com,"tgP#-""[s!<?c"
cefc070d-9761-3f1e-944f-22a39721255a,Dr.,Cassandra,Okuneva,"57A/67 Cremin Roads",Poblacion,Santa,Rizal,Barbados,835-363-588,"+63 (930) 120-2246","Rice, Dickinson and Aufderhar",nikolaus.com,"Computer Operator",black,1985-06-02,hudson.savanah@kozey.net,"$\uQtS\9soYA"
89f2f87b-d918-33e9-b0ad-29934bc89c74,Miss,Shemar,Schiller,"49A/46 Lubowitz Unions Apt. 049",Poblacion,Mawab,Biliran,Netherlands,178-569-625,"+63 (977) 932-6167","Kuhn, Mohr and Gulgowski",johns.com,"Director Of Social Media Marketing",lime,1971-12-20,lhowell@strosin.net,"yA[o[""b~YQ"
813206c3-51be-38e9-bf6c-51f82d030195,Mr.,Golda,Harris,"61A/88 Barton Grove Suite 482",Poblacion,Claveria,"Zamboanga Sibugay",Argentina,581-060-375,"(0935) 517-9688","Collier, Mosciski and Kemmer",ruecker.org,"Hazardous Materials Removal Worker",blue,1973-10-02,xbogisich@hotmail.com,F<opS/Q}Q*
27e412bd-af98-35ba-914d-9a7f6d47fc9a,Prof.,Jerrell,Cummerata,"23/74 Cassin Walks",Poblacion,Luisiana,Marinduque,Morocco,147-851-327,"(0989) 242-1933","Dare PLC",brekke.net,Patternmaker,fuchsia,2012-09-11,raleigh15@wisoky.biz,"a$ne)wqZ-\@"
3f23be51-e767-3489-91df-a7452b3692ea,Dr.,Mariela,Hoppe,"94A Stehr Manors",Poblacion,Pagalungan,"Mountain Province",Anguilla,587-600-556,"+63 (912) 964-6820","King LLC",johnson.biz,"Cost Estimator",aqua,2007-02-04,awhite@yahoo.com,";z=b{yffIm:\"
c7d47667-cfa9-3dc1-a73c-5a4375b6a9f6,Prof.,Winona,Borer,"71 Wilderman Ferry Apt. 731",Poblacion,Ayungon,Bukidnon,"British Indian Ocean Territory (Chagos Archipelago)",589-910-504,"(0911) 581-5334","Kozey, Lubowitz and Brekke",schmeler.com,"Signal Repairer OR Track Switch Repairer",olive,1990-10-03,tkautzer@hotmail.com,@(EZiSJ<$
51e22170-fd71-3b55-b5f9-7d5053d781a3,Mr.,Della,Windler,"18A Padberg Pines",Poblacion,Maramag,"Agusan del Norte",Denmark,273-549-419,"(0975) 108-6535","Ruecker, Adams and Mann",langosh.com,"HR Specialist",yellow,2012-07-13,streich.luz@yahoo.com,%lf{?WKLlt
a1688e76-2504-300d-92bc-5af88ad27c1d,Prof.,Kira,Jacobi,"67/61 Feeney Heights Apt. 930",Poblacion,Carmen,"Ilocos Norte",Mozambique,595-974-491,"+63 (817) 914-6566",Zieme-Olson,stokes.net,"Farm Equipment Mechanic",yellow,2002-05-30,kerluke.theresia@walter.biz,):~mj&8j
4e2a22c9-09d4-3ec4-bc56-660299fa8023,Miss,Laney,Boyer,"97 Rice Trail",Poblacion,Oas,"Negros Oriental","British Virgin Islands",409-429-583,"+63 (921) 931-0087",Keeling-Macejkovic,abbott.com,"Driver-Sales Worker",lime,2009-11-20,kking@ferry.org,/^j_;WHM.
0cfd61be-9a9f-3db3-8beb-9da519079cc6,Miss,Dayne,Mosciski,"22A/11 Hilpert Village",Poblacion,Lagonglong,Antique,Argentina,577-651-767,"+63 (938) 063-9701","Schmitt, Abbott and Bernier",koss.com,"Food Scientists and Technologist",purple,2008-04-27,aurelie.daugherty@hettinger.com,""">#'fDup4d"
1c9c6dea-f98d-3042-b48e-02b6f2b22ad3,Mr.,Orin,Cartwright,"22A McKenzie Place",Poblacion,Labo,Bukidnon,Congo,849-741-183,"(0912) 765-6236","Osinski, Goyette and Oberbrunner",zieme.com,Welder,purple,2020-08-29,armstrong.rashawn@hermiston.com,"X8ti.?\Jkn30"
2042ac78-48ec-3897-951d-c37d0fd485a0,Mr.,Jimmy,Hintz,"55A/72 Ebert Manors",Poblacion,Malinao,Cebu,"Saint Martin",873-277-502,"+63 (936) 435-7927","Stoltenberg, Pouros and Huel",carter.biz,"Artillery Officer",navy,2021-05-03,jleffler@damore.org,"p*,N3Zc,?O"
56af704d-1aa9-3fa5-bf33-f00e5c13e5b9,Mr.,Haven,VonRueden,"30 Cronin Islands Apt. 257",Poblacion,"San Benito",Masbate,Philippines,305-276-735,"+63 (930) 487-5731","Cole Ltd",mcglynn.com,"Machine Operator",blue,1988-02-24,john16@hotmail.com,zc&pc;gv
28f8924a-22d8-3fb4-a890-b1b3cf9a4d4f,Mrs.,Wilma,Rempel,"91 Upton Isle Suite 013",Poblacion,"Bacolod City",Capiz,"Saint Vincent and the Grenadines",779-598-285,"+63 (996) 211-8945","O'Keefe, Dickens and Graham",stokes.com,Teller,yellow,2023-08-25,kamron.abernathy@hotmail.com,xgow#I5r>XU
c006acbe-7582-3f23-9f15-45165adecbac,Dr.,Name,Herzog,"05A Wiza Underpass",Poblacion,Sinacaban,Catanduanes,"South Africa",705-531-587,"(0910) 737-5484",Gorczany-Mueller,wuckert.com,"Automotive Specialty Technician",silver,1975-05-09,drake.purdy@little.com,Sa`P|:@C.Unj
499643ec-532f-30d3-95ef-de8607f7a6ef,Ms.,Maria,Beer,"57/70 Bechtelar Ridges Apt. 127",Poblacion,"Tandag City",Zambales,Tajikistan,617-984-757,"+63 (938) 631-2164",Haag-Stokes,murphy.biz,"Sawing Machine Tool Setter",silver,2004-04-07,alvera.bahringer@yahoo.com,$T/kE*b;
17d8de26-29bd-3aa1-a8fd-5dc332ce3aba,Ms.,Neoma,Kerluke,"84/95 Braun Circles Apt. 860",Poblacion,"San Mariano","Camarines Sur","United Arab Emirates",188-500-016,"+63 (934) 278-3171","Doyle, Swaniawski and Conroy",anderson.com,Captain,black,2011-11-29,brakus.jeramy@gmail.com,!mrx9>yvuob
7b9300fb-9c3d-317c-98cd-40ac6e1c9373,Prof.,Ethelyn,Monahan,"79 Bradtke Manor",Poblacion,Bonifacio,Quezon,Ukraine,661-127-183,"(0925) 242-0382","Beahan, Bashirian and Macejkovic",ward.com,"Fish Game Warden",black,1991-12-26,hickle.wyatt@hotmail.com,EB9qu;+mq
6826e974-1e2d-39f5-a037-5c7408b26da3,Dr.,Garfield,Romaguera,"93A Murray Gateway",Poblacion,Labrador,"Southern Leyte",Turkmenistan,535-773-229,"+63 (940) 309-2163",Kemmer-Schulist,anderson.org,"Skin Care Specialist",fuchsia,2004-08-26,frederic26@ankunding.biz,O|u:V}#v$&A
3a7fb0c1-82e9-3a31-bcd6-970f23e022cc,Mr.,Alfredo,Jacobs,"82A/52 Pfannerstill Islands",Poblacion,Sitangkai,"Ilocos Sur",Turkey,727-669-062,"(0905) 532-5456","Huel, Schultz and Flatley",beahan.com,"Slot Key Person",white,2003-04-02,rosenbaum.baron@hotmail.com,"GY,}e{;B83/K"
0057b3ef-de97-3f65-94fc-7c9b49a9ceca,Prof.,Gudrun,Spencer,"77A/73 Bruen Spur",Poblacion,Bacarra,"Northern Samar","Trinidad and Tobago",415-061-177,"+63 (943) 143-1387","Wintheiser, Mayert and Hamill",medhurst.com,"Plating Machine Operator",fuchsia,1993-09-22,cthompson@spinka.com,g/*!!6GPl
b2f09f0e-5004-300c-8163-349624b626cf,Dr.,Kody,Anderson,"91/50 Bins Stravenue Suite 751",Poblacion,Tagkawayan,"Misamis Oriental",Serbia,414-176-701,"+63 (910) 079-5563","Heller, Gusikowski and Stiedemann",haag.com,"Writer OR Author",green,2000-02-09,kory.welch@hotmail.com,"4yLqf1>2,xM"
3055ac08-ddbc-34fc-9cdc-1a75f5746fa3,Prof.,Brady,Heller,"43/70 Schuster Key Apt. 798",Poblacion,"Puerto Princesa City",Apayao,Liberia,565-793-321,"(0927) 779-5361",Padberg-Gleason,maggio.com,Statistician,navy,1985-04-19,lgottlieb@mayer.com,q:20{k-v'LCi
d09c6f1d-b576-3274-b5db-5e276e078815,Dr.,Marco,Rodriguez,"79A Gottlieb Park Apt. 348",Poblacion,Calasiao,"Davao del Norte","Norfolk Island",650-430-515,"(0916) 292-8747",Upton-Breitenberg,doyle.com,Photoengraver,lime,2013-12-23,dejuan90@bosco.com,m?Qm+:*O9M
f9c7d42e-b6b0-30d2-a9c4-bbb757e07e8e,Miss,Savannah,Abbott,"75A/37 Ruecker Prairie",Poblacion,"San Julian",Apayao,China,476-316-688,"(0911) 349-5771","Nitzsche, Kuhlman and Berge",purdy.biz,Manicurists,blue,2010-01-08,imurphy@yahoo.com,1/lP0%%og/~
9ce7e7ef-0f79-3484-849d-a8f569668197,Prof.,Mozelle,Shanahan,"85A/58 Quigley Turnpike Apt. 320",Poblacion,Carmen,Biliran,"Bouvet Island (Bouvetoya)",416-214-490,"+63 (980) 573-6162","Prosacco Ltd",hills.net,"Criminal Investigator",silver,2008-09-09,oschmidt@hotmail.com,qzaJZ#7Q
7a8dc035-1748-3da6-b163-cbf5c5b5ca95,Dr.,Markus,Feest,"57A Howe Skyway Suite 080",Poblacion,"Santo Domingo",Sarangani,Angola,533-520-102,"(0900) 552-7401","Hermann, Turcotte and Langworth",williamson.com,"Tool Set-Up Operator",black,1994-08-11,erica.legros@wilkinson.com,"2}T\4@<7PC1"
2e7ee2fa-d1f9-3f0b-bd5b-c92f21dcd469,Dr.,Eldridge,Labadie,"13/91 Kozey Mews Apt. 713",Poblacion,Rizal,Samar,Afghanistan,252-260-286,"(0940) 341-3928","Bayer Ltd",thiel.org,"Communication Equipment Repairer",black,2005-10-10,mraynor@stiedemann.net,1Sp8Iy8q
53119a11-3869-3574-9f9e-26d6721b61bb,Mrs.,Camron,Zieme,"83/61 Heaney Viaduct",Poblacion,Banton,Catanduanes,Venezuela,504-148-572,"(0948) 183-4457",Harber-Lind,casper.info,"Ship Pilot",green,2010-05-04,rconsidine@hotmail.com,"/""oo*tW_"
5acded3c-2680-3ca5-bce2-4349e5d2d549,Prof.,Mekhi,Franecki,"78A Thompson Crest",Poblacion,"Mabalacat City","Lanao del Sur",Luxembourg,417-583-392,"(0940) 115-4401","Cronin Group",rohan.org,"Packer and Packager",maroon,2022-08-05,vida08@gmail.com,FQ9~Lw?iE}_
5107d8aa-9b00-379f-aecc-2837740fbc69,Dr.,Brittany,Gerlach,"79 Hansen Ranch Suite 126",Poblacion,"Santa Josefa",Palawan,France,810-520-390,"(0938) 443-3487",Hand-Koepp,runolfsdottir.com,"Motorboat Mechanic",aqua,1994-01-15,hstiedemann@mayer.com,K^e{qYAIS;
97f4d267-7a63-3c71-89c0-83f362319978,Dr.,Elisa,Bashirian,"43 O'Keefe Lake",Poblacion,Lumbatan,Bulacan,"South Georgia and the South Sandwich Islands",980-074-850,"(0998) 484-3794","Krajcik, Cartwright and Lynch",zulauf.com,"Drycleaning Machine Operator",olive,2004-08-20,providenci.price@dicki.com,"GontV""o-&A"
658753a3-13ed-3559-aa08-52d560c2648f,Prof.,Jon,Keeling,"11A/45 Bernhard Inlet",Poblacion,Carasi,Zambales,Thailand,184-825-154,"(0917) 967-1603","Rippin, Cronin and Windler",graham.com,"Public Relations Manager",silver,2004-08-24,alene62@haag.com,",.:4Kj2oxxZ:"
62f2b5c2-2e67-376b-baee-d3b8c2a13c78,Prof.,Kobe,Watsica,"93A Howe Forest",Poblacion,Alcala,Quezon,Azerbaijan,083-550-434,"(0919) 335-6591","Breitenberg PLC",schiller.com,"Metal Worker",purple,2010-09-12,mae.medhurst@yahoo.com,"WH>_)nPeO8""O"
e6fff0db-66dc-3fa2-b5b5-43775e890ff8,Miss,Germaine,O'Conner,"84 Bergstrom Drive Apt. 046",Poblacion,Narra,"Lanao del Sur",Germany,790-137-958,"(0933) 747-3980","Douglas and Sons",toy.com,"Furniture Finisher",maroon,1984-02-24,mattie83@jenkins.com,aA'HRPjr:
184f2632-cd5c-33f6-9ace-ef1889dea364,Mr.,Vada,Cruickshank,"87/12 Jenkins Overpass Apt. 583",Poblacion,"San Fernando","Negros Oriental",Zambia,406-186-791,"(0936) 109-0988","Williamson, Pfeffer and Gorczany",rowe.com,"Aircraft Launch and Recovery Officer",maroon,2017-08-16,mkulas@gmail.com,crBlaEc!7y2J
f0795346-8408-33ed-a74f-64f420db30b8,Prof.,Laury,Rice,"92A/91 Moen Summit",Poblacion,"Tabuk City","Zamboanga del Sur",Malaysia,917-474-785,"+63 (932) 813-5947","Heaney Ltd",zulauf.com,Interviewer,fuchsia,2018-02-20,jerald72@hintz.org,kYbEQI^k
4d59ae38-4bcf-3932-b745-245fd753a53c,Dr.,Noel,Gorczany,"71 Rosenbaum Walks Suite 447",Poblacion,"Catbalogan City",Pampanga,Lesotho,688-771-818,"(0946) 961-2410",McClure-Koss,bins.com,"Healthcare Support Worker",blue,1997-08-10,mia93@kutch.org,/0VzumVToXvx
e8d12737-6b9b-3626-9c5d-a034e75d519a,Mr.,Sister,Breitenberg,"41A/97 Farrell Pike",Poblacion,Tabango,Rizal,"Dominican Republic",313-441-927,"(0813) 603-8561","Zemlak Group",greenholt.org,"Rehabilitation Counselor",maroon,2007-02-25,astrid.bauch@brakus.com,lL6hk;?zK
2febfec4-8784-3a43-913c-e419eb0151cf,Mr.,Scottie,Turcotte,"13/11 Cruickshank Loop",Poblacion,Malay,"Davao Oriental",Finland,532-605-501,"+63 (929) 145-0476","Brown, Casper and McDermott",hintz.biz,"Forming Machine Operator",olive,2005-03-01,nwalsh@gmail.com,g~K;J-o8g
c1993c75-c133-3be3-b2ce-49b820a18cbd,Mr.,Yvonne,Gibson,"71/88 Luettgen Drives Suite 249",Poblacion,Juban,"Compostela Valley",Georgia,732-655-232,"+63 (978) 847-8953","Welch LLC",wehner.com,"Video Editor",black,2003-09-17,troberts@yahoo.com,"Y%k?A@""d"
582f0fd3-58c2-3e87-bae4-18f71eb168fc,Dr.,Cleveland,Orn,"38A/80 Schmidt Place Apt. 589",Poblacion,Tapul,Abra,"Saint Lucia",172-604-956,"+63 (915) 460-4180",Kozey-Connelly,cummerata.com,"Telecommunications Line Installer",navy,1972-01-14,rrunte@hotmail.com,;H6':06V
2b963e12-d0a7-31cc-9820-ac5958328b87,Miss,Horace,Johns,"40 Gottlieb Stravenue Suite 494",Poblacion,"Puerto Princesa City",Batangas,Eritrea,553-309-965,"(0974) 833-7606","Berge and Sons",gutkowski.com,"Purchasing Agent",maroon,2006-03-20,lori.koch@dubuque.com,/._w?b.g25z
a0e9cfd2-dff4-3a72-bfae-3ca29dae70ed,Dr.,Consuelo,Parker,"24A/15 Senger Park Suite 124",Poblacion,Amulung,Palawan,Kazakhstan,539-390-609,"+63 (947) 629-5882","Frami Inc",torp.org,"Coating Machine Operator",silver,2015-09-19,maurice96@bogisich.info,>R|X_t$@;
4746294c-afa4-3fdf-acc0-10415eb6a735,Ms.,Cierra,Bruen,"05A/27 Welch Haven",Poblacion,"La Libertad",Capiz,Chile,849-578-509,"(0938) 102-5510","O'Connell Group",gottlieb.com,"Recyclable Material Collector",aqua,1977-12-27,eduardo.koss@von.net,"3p~irZF\U]"
59743815-ca9e-3273-8652-67c8ca4440cb,Dr.,Marquis,Robel,"17/35 Deckow Overpass Apt. 303",Poblacion,Bato,"Zamboanga del Sur","Dominican Republic",316-103-407,"+63 (948) 924-9979",Upton-Runte,fritsch.com,"Portable Power Tool Repairer",maroon,2009-05-26,xhackett@langworth.com,ta`>]tso
d1b3a4b7-27d0-3d1c-8113-1d873cecda33,Prof.,Esta,Jacobi,"85/64 Hyatt Square Suite 803",Poblacion,Valenzuela,"Misamis Oriental","Norfolk Island",700-147-568,"+63 (996) 049-4077","McKenzie and Sons",hahn.com,"Management Analyst",silver,1983-05-18,wfeeney@smith.com,Y:l$w<t{Gu
ff20883f-1c8d-37de-b9b3-b47bd91d4e77,Prof.,Bulah,Littel,"78A/15 Macejkovic Shoal",Poblacion,Maragondon,Kalinga,"Svalbard & Jan Mayen Islands",362-087-426,"(0900) 809-8160","Bartell, Wunsch and Rosenbaum",kuhn.com,Surveyor,lime,2002-03-16,jerel89@labadie.biz,bF})[3iTO
23e802f9-cd91-3fc7-a8cb-6fa72dbb23bc,Prof.,Vincent,Hansen,"56A/56 O'Reilly Port Apt. 305",Poblacion,"Santa Catalina",Bohol,Kazakhstan,783-356-884,"(0918) 347-7337",Welch-Hermiston,rosenbaum.net,"Medical Records Technician",olive,2011-09-17,tveum@schultz.com,"%h-,Lc`u?R@"
86632478-4caa-3500-811b-91d680b36430,Prof.,Betty,Parisian,"83A/38 Schimmel Route Suite 464",Poblacion,Maragusan,Guimaras,Myanmar,745-596-692,"(0971) 540-8472","Stoltenberg, Smitham and Lebsack",bahringer.net,"Substance Abuse Counselor",green,1976-05-19,maggio.beryl@hermiston.com,"[wWWZ$=""uF("
dc671e0d-c177-3c77-bec4-957814938da7,Mr.,Rubie,Block,"84 Gaylord Summit",Poblacion,Glan,Pangasinan,Guyana,731-928-172,"(0977) 205-5359","Runolfsdottir, Bergstrom and Wunsch",kuvalis.org,"Pressure Vessel Inspector",blue,1997-01-29,schamberger.cathy@yahoo.com,0!EK*Y]cc)
e2dcb1e1-ec18-34d2-bdae-63169cd45d1f,Dr.,Luis,Powlowski,"43 Ledner Ford Suite 914",Poblacion,"Himamaylan City","Davao del Sur",Belarus,538-889-713,"+63 (916) 554-0051",Von-Weber,dicki.com,Professor,yellow,1995-07-15,swift.otto@wolf.net,"fHmEnn`\:0u"
4b86d6f6-023a-3e89-a8cc-9314cfba51c9,Prof.,Jamison,Purdy,"83/61 Kuhn Meadows",Poblacion,Culion,Sulu,Argentina,654-118-817,"(0994) 400-0646",Spencer-Dicki,corwin.com,"Locomotive Firer",silver,2014-10-15,bonnie68@cronin.com,&dT`kU|bzTRa
3c23fb83-14ee-37e2-a5e0-b5bb3e8e9405,Dr.,Henri,Keebler,"96 Yost Turnpike Suite 559",Poblacion,Amulung,"Dinagat Islands",Panama,267-420-414,"(0922) 597-2203",Price-Padberg,lowe.com,"Plasterer OR Stucco Mason",black,2017-05-17,earnestine.treutel@anderson.com,4Xibod[H
763dc670-7e73-3bab-bc30-618f9760e209,Mrs.,Ottis,Prohaska,"42 Carter Island",Poblacion,Villaba,Bataan,Palau,948-587-476,"(0978) 158-2578","Denesik, Johnson and Kris",orn.info,"Automatic Teller Machine Servicer",teal,2021-02-21,rfisher@yahoo.com,]##Qhvz$
c654e8c9-ebb8-3e0d-bf17-7edbc60d9ffc,Miss,Karlee,Howell,"25 Bode Point",Poblacion,"Senator Ninoy Aquino","Ilocos Norte",Latvia,394-040-038,"(0919) 014-5981","Koepp LLC",kovacek.org,"Social Sciences Teacher",blue,1975-10-08,hagenes.kadin@yahoo.com,"$'Yix(S\bZ#"
535d9ff5-da77-3768-869c-9db34fec851c,Prof.,Aditya,Huel,"48 Schmidt Burg Suite 662",Poblacion,Villasis,Cotabato,Greece,193-668-470,"(0925) 131-8020","Eichmann, Effertz and Kulas",block.info,"Crossing Guard",lime,2010-05-04,croberts@runolfsdottir.biz,wxH9-@s7x
a69921c6-f651-3420-8d36-252fe963c20b,Dr.,Reuben,Nikolaus,"72A/23 McGlynn Forks Suite 459",Poblacion,Rizal,Sulu,Philippines,235-518-537,"(0933) 489-3908","Fahey, Heidenreich and Orn",reilly.com,"Transportation Manager",green,2013-11-25,saige.bergstrom@carroll.info,jz/B(@-KLX
fbdf71e1-2abf-3ca4-9faa-4451b5a19bc6,Dr.,Maxime,Murphy,"66A/46 Corwin Way Suite 727",Poblacion,Mercedes,Cebu,Yemen,376-486-523,"(0980) 517-5395","Kozey Group",kilback.com,"Shuttle Car Operator",silver,1982-01-12,dessie.nienow@yahoo.com,k`2w}To29KtF
39f0f1c8-8697-35e9-b043-69d1170d8c8d,Mr.,Chad,Bahringer,"90/57 Heathcote Green Suite 436",Poblacion,Anahawan,Cebu,Tonga,455-820-109,"+63 (971) 958-8436","Casper, Rempel and Koelpin",jenkins.org,"Construction Manager",yellow,1975-03-28,fweissnat@gmail.com,-`}=xgqsG9'J
23d6e5a2-414b-3303-b99d-f06f37afbff1,Prof.,Joaquin,Nicolas,"66A/27 Keebler Way",Poblacion,Boston,"Negros Occidental",Armenia,989-843-390,"+63 (907) 483-3873","Bogan, Feil and Hyatt",dicki.com,"Real Estate Broker",yellow,1975-08-27,nraynor@runolfsdottir.com,.5d<}%1+
85e7231b-f157-39c1-a3fb-469ec8cafa12,Prof.,Thaddeus,Pfeffer,"07A Bernhard Mountain",Poblacion,Catubig,Abra,"Slovakia (Slovak Republic)",425-303-692,"+63 (923) 081-1739",Pouros-Kemmer,orn.info,"Animal Scientist",fuchsia,2009-02-16,leffler.shakira@gmail.com,|qaccU!hA
5c00f4f1-8720-3190-85d4-72dc0deac4f7,Dr.,Myrtice,Swaniawski,"83 Barton Junctions",Poblacion,Samal,"Ilocos Norte","Isle of Man",923-048-636,"(0919) 488-6166",Torp-Hermann,bashirian.org,"Air Crew Officer",white,2006-10-10,ashlee73@hotmail.com,"\_uCzuvN"
affc91df-7348-3d45-b8dd-a86fbadf1b49,Dr.,Leslie,Kovacek,"57/59 Ferry Dam Suite 005",Poblacion,"Dupax del Sur",Marinduque,"New Zealand",250-432-998,"+63 (974) 447-5528","Greenfelder, Hudson and Wunsch",bernhard.com,"Aircraft Launch and Recovery Officer",purple,1987-09-27,haylie.mayert@hotmail.com,?q[|y54-;#
a1bcfa44-bc91-3704-9dae-9ad0d780bcc9,Dr.,Joyce,Weber,"97A Bashirian Pine",Poblacion,Patnongon,"Davao del Sur",Rwanda,138-594-044,"(0930) 107-8029",Nicolas-Connelly,bode.org,Farmworker,black,1980-03-18,runolfsdottir.lorenza@koss.net,).e%UKuU~>7
e95556e2-ca89-39f2-8216-19df1322c229,Mr.,Roger,Veum,"59A Dickens Views Suite 296",Poblacion,"San Rafael",Masbate,Jamaica,045-147-754,"(0975) 774-0251",Kub-Rodriguez,schinner.com,"Financial Manager",olive,2022-04-01,maureen.king@gmail.com,"z""e'p.0on>"
ec4cd184-b3aa-39ea-8cc8-5027e349bca2,Dr.,Candida,Anderson,"12/98 Lockman Plains",Poblacion,Lupao,"Occidental Mindoro",Belarus,592-519-893,"(0977) 715-4762",Kunde-Anderson,blick.org,"Rail Yard Engineer",navy,2001-07-23,jerel81@hartmann.net,v'[E_pZO3y.K
7387324f-a619-3593-8f06-2789d626d415,Dr.,Edyth,Bergnaum,"85A/80 Kassulke Lock Apt. 515",Poblacion,Basey,Leyte,"Christmas Island",499-136-573,"+63 (949) 639-1567","Botsford, Hilpert and Wolff",johnson.com,"Mechanical Equipment Sales Representative",aqua,2020-08-14,zmitchell@cruickshank.com,40YM%_R:2*HX
4ca262a4-8563-36cd-af71-d422102181da,Prof.,Michelle,Emard,"14A Kirlin Squares Suite 130",Poblacion,"Tabuk City",Albay,Myanmar,827-097-063,"+63 (912) 658-8399","Murray Ltd",ratke.com,"Communication Equipment Worker",aqua,1980-03-12,satterfield.gabe@gmail.com,8;W98'X2k~
ad0038d5-84e5-3858-b3cc-c79e335e3048,Dr.,Pamela,McGlynn,"82/14 Schultz Mountains",Poblacion,Bobon,Bohol,"Cote d'Ivoire",090-070-662,"(0932) 007-5387","Kreiger, Mitchell and Bernhard",batz.biz,"Social Science Research Assistant",olive,2021-06-17,ywillms@gmail.com,"cMf@qMf9,"
9551aed3-e967-3e99-861d-096b5790ad0f,Mrs.,Rosie,Gutkowski,"22 O'Hara Valley Suite 911",Poblacion,Daraga,Marinduque,"Libyan Arab Jamahiriya",849-848-117,"(0947) 528-9020",Heidenreich-McClure,hyatt.com,"Tank Car",fuchsia,1988-08-03,bbashirian@oreilly.com,"&""!-/N~+."
d754c5e2-3eef-3143-8f97-9bfbdb4121ef,Prof.,Holly,Senger,"55/29 Kunde Turnpike Apt. 051",Poblacion,Pasig,"Zamboanga Sibugay","Bouvet Island (Bouvetoya)",032-832-682,"+63 (923) 258-9050",Bailey-Ward,kreiger.org,"Timing Device Assemblers",lime,1981-05-12,garret.kirlin@hotmail.com,"y""""|_;S71f/V"
ccba89d5-53e7-368c-b8b4-cf7c1cdf271d,Dr.,Adolphus,Volkman,"54A Weimann Light Suite 183",Poblacion,"Tuguegarao City","Oriental Mindoro",Algeria,342-381-434,"+63 (943) 575-4458","Kovacek, Feeney and Waters",kuphal.info,"Computer Hardware Engineer",gray,2007-04-04,huels.samanta@hackett.com,x`e5l;d!com
045d8cf2-f41b-380f-ab00-b08dfe2818b7,Ms.,Gillian,Gusikowski,"17A Keebler Lodge",Poblacion,Iguig,Albay,"Czech Republic",644-397-333,"(0915) 179-1691","Simonis, Koepp and Corkery",schmeler.biz,"Automatic Teller Machine Servicer",green,1971-11-07,corine.padberg@yahoo.com,gdV!sztZ
d867febb-7475-3702-9815-75b0c83d5ced,Mrs.,Brooklyn,Marvin,"52A Price Valley",Poblacion,Libungan,Sorsogon,Lithuania,056-946-338,"(0932) 959-2813","Gibson LLC",olson.com,"Surveying Technician",maroon,2016-04-08,dan.champlin@hoppe.com,@j2#^miRv4
1e39cabf-7c41-37b0-a7da-b57db43875fa,Prof.,Orpha,Bogan,"41/39 Muller Row Apt. 166",Poblacion,Pateros,"Occidental Mindoro",Eritrea,119-378-248,"+63 (936) 978-3961","Mohr, Zulauf and O'Connell",gulgowski.biz,"Business Operations Specialist",aqua,1976-04-06,walsh.flo@yahoo.com,$grQH9r0MPS>
44696062-8b52-3ecb-86ed-27691507ace4,Prof.,Ruben,Quigley,"95A/95 Marks Knolls",Poblacion,Kapalong,Romblon,Zambia,148-995-050,"+63 (974) 369-4547","Pfeffer PLC",bahringer.com,"Printing Machine Operator",maroon,1971-04-12,thompson.justine@marvin.com,jog)ry)Cq.-
99cc3984-66b0-31e6-8599-5f157d923e6d,Mr.,Marco,Nader,"94A Kutch Heights Apt. 973",Poblacion,"San Vicente","Negros Oriental",Botswana,691-867-217,"+63 (918) 729-1290","Smith, Roob and Konopelski",witting.info,"Grounds Maintenance Worker",silver,1987-04-20,scottie65@gmail.com,C2KV3lO9SC?r
a5a1d3da-e579-3257-8bf9-14ce71f4acb8,Prof.,Destinee,Heller,"34A Roberts View Suite 490",Poblacion,Norala,Isabela,Bahrain,546-953-499,"(0921) 459-8193",Donnelly-Runolfsdottir,kshlerin.com,Stonemason,silver,1996-11-25,halle.lowe@larson.com,_8*K7Dw<.s
11754e15-3d2d-3232-bd40-ce89b7132103,Dr.,Jalon,Robel,"79/15 Ward Crest",Poblacion,Victoria,"La Union",Mali,047-010-747,"+63 (933) 904-2212","Sauer LLC",waelchi.info,"Grinder OR Polisher",navy,1974-06-05,collins.mustafa@yahoo.com,VO_+n9+k
7d59e18a-b75c-31b7-83a8-fcd54708f25f,Dr.,Ezequiel,Rempel,"93 Nienow Plains Apt. 778",Poblacion,Jabonga,Pampanga,Togo,005-353-732,"(0915) 548-0005",Graham-Klocko,beatty.com,"Medical Records Technician",black,2006-04-21,ahuel@gmail.com,qt0d<+G(sW
4f5a3257-cc6b-31f5-9c37-8f86324dc56f,Ms.,Coy,Lehner,"96 Torphy Stream",Poblacion,Mangaldan,Batangas,Bermuda,369-973-118,"(0948) 466-8611","Jacobi Ltd",hane.net,Pipefitter,gray,1990-10-26,qkshlerin@gmail.com,SA.|eY5N&tr$
ab0db43b-8229-3238-a257-6997b77a2ab3,Mr.,Zola,Pacocha,"50 Eichmann Brooks",Poblacion,"Bien Unido","Ilocos Norte","Bosnia and Herzegovina",256-223-846,"+63 (936) 147-4894",Hills-Doyle,oreilly.info,Coroner,aqua,2022-05-01,carley.welch@mosciski.com,*nl<oxj8Z
91be2ec8-2658-338d-b8af-9f9dc00b7993,Dr.,Afton,Padberg,"16A Tromp Ridge",Poblacion,"San Fernando City",Batangas,Gabon,897-313-924,"(0948) 436-1717","Monahan, Schamberger and Kemmer",marks.com,"Custom Tailor",teal,2012-06-26,bernier.nelle@yahoo.com,-9Q<AeaALZ_u
5cedb3f6-8c46-3e33-8f34-e08121dfe0a3,Prof.,Cecilia,Lesch,"41A/60 Hoppe Vista Apt. 302",Poblacion,Abulug,"Northern Samar",Serbia,020-750-937,"+63 (943) 751-8753","Dibbert, Feeney and Barton",haag.com,"Underground Mining",lime,2009-08-11,vnitzsche@yahoo.com,3;'SDwPig
d82330d0-e8fc-37a2-b972-29e1d0e534a9,Miss,Claudine,Gleichner,"86/87 Ankunding Road",Poblacion,"Kidapawan City","Negros Occidental",Yemen,310-673-498,"+63 (946) 291-9413","Cormier, Lehner and Towne",bogisich.net,Cashier,blue,1981-11-25,isabel83@bartoletti.biz,"pjWx.bV0\w?:"
863281d8-fc78-388e-b1b8-d429e6afb386,Dr.,Cordelia,Zemlak,"35/90 Kris Rue",Poblacion,Calatrava,Benguet,"United States of America",682-287-966,"+63 (907) 768-4346",Schowalter-Muller,oconnell.net,"Bus Driver",olive,1990-10-01,ashlee79@lowe.com,>I2GC8n*qy
e400ec7e-6de4-3411-a830-7ea3e49207de,Prof.,Tabitha,Hane,"30/94 Rice Ridge Apt. 484",Poblacion,Pilar,"Negros Oriental",Bahrain,973-744-062,"+63 (813) 089-8662","Cassin, Shields and Cassin",schaefer.biz,"Customer Service Representative",lime,1984-08-24,marley.bradtke@gmail.com,NvYt3Y.z
b2df5634-4666-3c6c-9939-ef6347060bd3,Dr.,Ricardo,Turcotte,"35A/83 Schmitt Common Suite 907",Poblacion,Baliangao,Sorsogon,"San Marino",938-271-017,"(0974) 216-1770","Fisher, King and Rau",bashirian.com,"Elementary and Secondary School Administrators",olive,2007-11-26,mbogisich@kautzer.biz,DIQ+bL0{8y`-
807a1ae1-5cd7-3807-a666-4bc1265505aa,Ms.,Charlotte,Considine,"41A Glover Squares Apt. 464",Poblacion,Matag-ob,"Davao del Norte",Guadeloupe,954-488-101,"+63 (980) 334-5562","Hudson, Mueller and Lubowitz",heathcote.net,Auditor,black,1985-05-28,zcole@koelpin.org,jk?r3ctX
8456b113-d2a3-3597-8006-03d6c3acee5b,Miss,Tracy,Brakus,"21 Cummerata Oval",Poblacion,"Catbalogan City","Surigao del Norte","Wallis and Futuna",330-198-259,"(0938) 545-4097",Sanford-Carter,lebsack.net,"Central Office",yellow,1994-11-24,hcorkery@yahoo.com,Z/#L(Xv54|-
0f9cfbff-b044-3b14-b698-e06ed609dd08,Mrs.,Donnell,Morissette,"39/65 Kemmer Road Suite 961",Poblacion,Ditsaan-Ramain,"Davao del Sur",Slovenia,440-673-811,"+63 (946) 106-8415",Bauch-Hermiston,mcdermott.com,"Spraying Machine Operator",olive,1978-03-19,schaden.lucas@jenkins.org,"tB0)gcmjt'G,"
ca862db7-fbcc-386f-9d93-0a386e89a09e,Miss,Alvah,Kihn,"30A Kuhn Run Apt. 875",Poblacion,Magdalena,Palawan,"San Marino",074-300-127,"(0930) 084-4870","Ullrich, Kirlin and Jacobson",harvey.com,"Technical Writer",teal,2004-10-17,kamron51@huels.net,*}g56x9gq
5d84131e-e278-3e80-87ae-150f1b04f76f,Prof.,Tavares,Crona,"39 Schroeder Crossing",Poblacion,"San Teodoro","Lanao del Norte",Canada,884-460-582,"+63 (918) 807-3276","Considine Ltd",rohan.net,"Mechanical Inspector",yellow,2012-06-28,mitchel.upton@hotmail.com,:Iw0Q#Jt.Zc
92552525-e767-351f-85cc-0288197dbe4a,Dr.,Donna,Nicolas,"94 Heathcote Rapids Suite 445",Poblacion,Leon,"South Cotabato",Mauritania,650-476-998,"(0935) 251-1225","Legros, Purdy and Hackett",brekke.org,"Furnace Operator",purple,1982-02-19,lindgren.lempi@hotmail.com,WL@PA:Gz
7752a136-c85d-373f-a395-a73d8c28bbbc,Prof.,Georgiana,Hagenes,"29/20 Murphy Neck Suite 862",Poblacion,Milagros,Tarlac,Macao,818-544-544,"(0946) 865-0461","Swaniawski Ltd",carroll.net,"Control Valve Installer",teal,1999-09-23,breitenberg.emerald@hotmail.com,!uN)-z/b;O0
bdea8423-3d6e-3071-a537-090a65dcc34e,Prof.,Dina,Cremin,"82/17 Ullrich Common",Poblacion,"San Isidro","Camarines Norte",Tanzania,007-169-842,"+63 (813) 844-9137","Mertz, Torphy and Collins",erdman.com,"Hand Presser",green,1980-09-25,wupton@homenick.com,8klgOY&M:ME
934b22a6-2095-3d11-83c8-6d3fa69edbb0,Prof.,Aric,Wisoky,"05A Kirlin Dale Suite 210",Poblacion,Lumbayanague,Palawan,"Cote d'Ivoire",442-438-260,"(0907) 761-8213",Cummings-Ondricka,keebler.com,Choreographer,green,2010-07-24,wilhelm26@huel.com,Khd?RgL$:
8ad8a484-1157-3f47-90ab-985174f76d53,Mrs.,Ruben,Price,"67A Jacobs Village Apt. 517",Poblacion,Cagwait,Sorsogon,Fiji,586-142-594,"(0922) 992-8485","Dickinson, Zboncak and Klein",halvorson.com,"Commercial Diver",yellow,2007-08-22,elsie.bogan@yahoo.com,"\EQQ5j>e"
e0ae6a07-55b5-39e0-99b0-fd79c09db1dd,Prof.,Eugene,Schuster,"35A/66 Rogahn Branch",Poblacion,"San Miguel",Pampanga,"Netherlands Antilles",880-751-514,"(0912) 576-8472",Lang-Cassin,miller.biz,Coroner,yellow,1974-07-24,burdette.kris@gmail.com,Qb-3#?J1
9e6451e8-d893-30bb-b5d7-e22029b66576,Dr.,Noelia,Stehr,"10 Altenwerth Route Apt. 611",Poblacion,Esperanza,"Occidental Mindoro",Norway,001-328-229,"(0916) 513-7429","Schoen, Lueilwitz and Crist",pacocha.com,"Stock Broker",yellow,2002-06-18,dreichel@upton.com,VubA.a[=mEu
91d96981-2237-3fca-af6e-30038b46c3f7,Prof.,Lenny,Langosh,"19 Greenholt Corner Apt. 015",Poblacion,Ramos,Bulacan,Norway,614-615-957,"+63 (973) 521-3188","Luettgen, Kessler and Jacobson",kemmer.info,"Automotive Master Mechanic",fuchsia,1986-05-15,sallie18@yahoo.com,o&s!dj=Jmmn
ab474493-9ddd-32a9-9163-a532452882d3,Prof.,Timmothy,Harvey,"61/63 Carter Divide Suite 858",Poblacion,"San Antonio","Sultan Kudarat",Lesotho,274-257-927,"(0939) 082-6480","Batz Inc",goodwin.com,"Logging Worker",blue,2007-07-01,nrath@gmail.com,W~6CWg@?G8'
57047f0d-db43-3a4f-ba05-124faaff158b,Mr.,Cary,Kuvalis,"13A Treutel Bypass Apt. 800",Poblacion,Dueas,"Sultan Kudarat","Czech Republic",521-761-567,"(0935) 106-8136","Bode PLC",friesen.info,"Soldering Machine Setter",lime,1978-02-21,stephan34@herman.info,*SKw#->Zl?
81e97396-3b10-3ae8-bb84-faf60a706446,Dr.,Alanis,Swift,"50/23 Emmerich Camp Suite 176",Poblacion,Apalit,Biliran,Switzerland,259-271-579,"+63 (911) 164-1295","Macejkovic PLC",mcglynn.com,"Amusement Attendant",green,1998-04-23,winnifred60@bernier.com,",Gj*&K@#z"
2b15d808-f410-3a93-a9b0-33b194146a95,Ms.,Carmen,Sporer,"92A Rohan Walk Suite 896",Poblacion,Olutanga,Aklan,"Faroe Islands",515-161-926,"+63 (921) 494-4678",Rogahn-Schaden,mclaughlin.com,"Mechanical Equipment Sales Representative",blue,2004-11-15,padberg.damon@turcotte.com,_T:{;Wr?0'jF
95fc948a-cf8f-35d1-b978-98324c3ad655,Dr.,Elza,Daugherty,"96A McGlynn Square Apt. 889",Poblacion,Carmen,"Southern Leyte",Vanuatu,781-547-479,"+63 (915) 318-0673",Rippin-Koelpin,labadie.net,"Psychology Teacher",green,2015-01-29,jessie55@willms.com,Au.@zeE.C$!
6cb8a731-0bbd-359b-acd1-f603cf1baec1,Mrs.,Devan,Champlin,"65/93 Quigley Place Apt. 495",Poblacion,Piddig,"Mountain Province",Malta,223-082-588,"(0943) 168-3293","Bauch Inc",ritchie.com,"Public Health Social Worker",silver,1987-03-02,mharber@hotmail.com,"gGM@[F5u""Q1d"
a9595d67-f3eb-395b-b47d-e3ec5861afd3,Dr.,Allan,Hansen,"85 Reichel Key Suite 408",Poblacion,Aurora,Leyte,Swaziland,178-446-750,"+63 (915) 559-1120",Reinger-Hand,lueilwitz.org,"Protective Service Worker",olive,1974-11-23,considine.nelle@sporer.biz,"eN`""^B'lk"
b8facd7a-86b4-378b-b0e7-943433170b80,Miss,Kay,Cartwright,"15A Kassulke Station Apt. 386",Poblacion,"Bayawan City",Rizal,Denmark,204-338-078,"(0926) 724-3484","Wiza and Sons",simonis.biz,"Foundry Mold and Coremaker",fuchsia,2022-09-10,heller.litzy@emmerich.com,cHY]@=1UGL-
cb6e07d7-6cca-3737-a77b-1e4643921719,Dr.,Verna,Hansen,"95 Labadie Mills",Poblacion,Calauag,Pangasinan,"British Virgin Islands",504-636-006,"(0932) 556-2080","Muller Inc",heller.com,"Financial Services Sales Agent",fuchsia,1970-10-25,mclaughlin.gina@yahoo.com,}~fetW^*
f1671730-7ec2-3b4b-a9bb-b3cf77a526ab,Miss,Christiana,Hintz,"17/19 Marvin Knolls",Poblacion,Maripipi,"South Cotabato",Bangladesh,656-878-620,"(0930) 105-6241","Metz and Sons",goodwin.com,"Veterinary Assistant OR Laboratory Animal Caretaker",blue,2020-06-23,ezulauf@yahoo.com,4+}I@zdHY-
3788d331-9d0b-3bcc-8beb-8e65e758e648,Prof.,Jany,Rohan,"25A Roberts Village",Poblacion,"General Trias",Siquijor,"Sri Lanka",729-701-988,"+63 (942) 355-7041","Jones, Glover and Wisozk",walter.biz,"Naval Architects",aqua,1973-04-08,zshields@hotmail.com,vD~]oaB92
c13050ce-51e0-3c18-b1c2-e002ed2230a3,Dr.,Raleigh,Littel,"85 Ward Forest",Poblacion,Damulog,"Agusan del Sur",Hungary,633-786-409,"+63 (977) 774-4441","Thiel PLC",cole.info,"Dredge Operator",maroon,1997-05-28,myriam.purdy@hotmail.com,hgWRQ.&78Vv
d880422b-6cac-3609-ad43-9428a9f1b77e,Miss,Katheryn,Larkin,"51A/76 Wisoky Corners Suite 188",Poblacion,Pulilan,"Agusan del Sur","Papua New Guinea",937-257-376,"+63 (909) 058-9792",Stark-Morissette,swaniawski.com,"Sociology Teacher",green,1995-07-21,billie.batz@bartoletti.com,WoUo3eP_KH:
1a3c45b8-6bc9-3c43-a69c-e6067cd07bba,Prof.,Laisha,Kuphal,"66 Weber Mall",Poblacion,Dilasag,Romblon,Namibia,892-192-116,"(0980) 090-2739","O'Keefe, Glover and Hoppe",donnelly.com,"Aircraft Body Repairer",green,2000-02-15,louie.tromp@klein.com,"n""vg$\5a>5"
b6d5068d-f029-3351-98b2-a5b9cc5c9510,Dr.,Mariano,Cummings,"91A Ferry Fort Suite 260",Poblacion,"Mati City",Samar,"Cape Verde",821-321-976,"(0910) 014-7518","McDermott, Douglas and Hand",kemmer.com,"Financial Services Sales Agent",navy,1983-06-20,savannah.herman@hotmail.com,o2C?(j*D`
26bf6600-4288-34a3-8dd6-55f60fb374f9,Prof.,Clair,Ritchie,"91 McGlynn Prairie Suite 597",Poblacion,Pata,Iloilo,"Heard Island and McDonald Islands",535-279-472,"+63 (919) 520-4301","O'Conner PLC",aufderhar.com,"Avionics Technician",gray,1991-01-29,michelle.hills@ryan.info,"3\Vm]9j5[7q}"
f9c50691-6c8d-38bb-90bc-385d6dc0b7ac,Mrs.,Isaac,Larson,"77A/20 Huels Well",Poblacion,Pilar,"Davao Oriental",Gabon,388-446-126,"(0944) 264-3421","Bernier Inc",watsica.com,"Physical Scientist",black,2000-09-17,ireilly@nikolaus.com,p?YgKHyk
f7e9df97-182c-3b9f-a0d4-2bf6275329fc,Dr.,Thalia,Fadel,"38 Hoppe Extensions Suite 340",Poblacion,Licab,"Zamboanga del Sur","Cocos (Keeling) Islands",334-050-709,"+63 (997) 711-0839",Hand-Pollich,bauch.com,"Industrial-Organizational Psychologist",olive,2022-10-19,aisha10@hotmail.com,"gK:!,bDU+k"
9c74a2c0-a716-3192-8987-8be25483a57b,Mr.,Bertha,Lind,"53A Towne Village Suite 946",Poblacion,Bamban,Camiguin,Brazil,734-489-713,"(0973) 565-3862","Rolfson, Huels and Crooks",strosin.com,Tailor,yellow,1985-01-19,gerhold.aaliyah@daugherty.com,"""g{!k?#3aN%"
ddc56793-30ad-36c7-962c-155afea73553,Mrs.,Abelardo,Nitzsche,"62A McGlynn Stream Suite 689",Poblacion,Gerona,"Camarines Sur",Guinea,589-526-608,"(0999) 358-8906","Wunsch PLC",grimes.com,"Cleaners of Vehicles",gray,2005-06-06,franecki.george@gmail.com,{W=VbCxa3LL
31d8620f-6f30-3518-9f87-3f235a104aa2,Mrs.,Margie,Beier,"38 Wiza Green",Poblacion,"San Narciso",Tarlac,"Turks and Caicos Islands",650-166-073,"+63 (934) 818-2818","Lemke, Stroman and Will",towne.com,"MARCOM Manager",fuchsia,1971-04-04,loy61@yahoo.com,mqTH-$j5roq1
33e8d2f1-852c-368f-931a-e0a6d48db890,Mr.,Hillary,DuBuque,"10A Kozey Pike Apt. 760",Poblacion,Bauko,Benguet,Timor-Leste,273-075-031,"+63 (905) 101-0768","Davis and Sons",renner.info,"Social and Human Service Assistant",blue,2017-12-30,egibson@gmail.com,"wf\&#Vw39"
69ba2c72-5b51-339a-b2d1-ab228805c483,Prof.,Carolyne,Gulgowski,"13 Huels Ranch Suite 688",Poblacion,"Bais City",Bukidnon,Poland,545-398-363,"+63 (980) 194-1215","Daugherty Ltd",hilpert.com,Infantry,aqua,1988-04-10,thompson.olen@strosin.org,+LE(aa}{A*
61ff76e6-fc92-3026-92b3-3f9445452a37,Miss,Adele,Gerlach,"90 Parker Isle Suite 388",Poblacion,Bombon,Catanduanes,"Turks and Caicos Islands",934-260-596,"(0999) 013-3613","Ortiz and Sons",hills.com,"Stock Broker",gray,1989-11-12,brendan52@gmail.com,~6[-}U_tbT|
290262b2-90df-35aa-80da-87ec8ef1efc9,Dr.,Amber,Jast,"83A/71 Cassin Gateway",Poblacion,Cuyo,Ifugao,"Saint Vincent and the Grenadines",824-033-936,"(0939) 372-5215","Lowe, Rice and Weber",upton.com,"Loading Machine Operator",navy,2012-03-03,amparo.dooley@yahoo.com,ntqR]u]VhqRL
5dc77da1-1ca9-3db8-9354-6aec26ce13a3,Dr.,Tre,Klocko,"58A Schinner Flats",Poblacion,Mabini,Samar,Japan,877-970-699,"+63 (926) 623-5384","Huels and Sons",kassulke.com,"Crane and Tower Operator",yellow,1972-03-12,hlindgren@yahoo.com,"<!zYd@x\Q"
ac0d6589-1e85-3eb9-ae17-3f0cd5a67a19,Dr.,Modesta,Ritchie,"30 Harris Brook",Poblacion,Bonifacio,Pangasinan,"Costa Rica",111-552-749,"(0932) 381-3137",Quitzon-Boyer,schoen.com,"Transportation and Material-Moving",fuchsia,2008-03-05,wnolan@hotmail.com,'ggM1g+nI|4P
238aabae-a227-3d0f-b602-80e3177aa145,Dr.,Ardella,Williamson,"06A/13 Powlowski Overpass Apt. 449",Poblacion,"Datu Unsay","Misamis Oriental",Andorra,527-333-015,"+63 (911) 536-1434","Sporer and Sons",johnson.info,"Plant Scientist",aqua,2021-01-26,piper.huels@gmail.com,Y!}&EI+$V!Hu
37efbbf8-ecbb-3cdb-b80b-e05d0e0df9e7,Dr.,Emmanuelle,Mayert,"99/15 Murazik Divide Apt. 128",Poblacion,Sibuco,"Mountain Province",Bulgaria,546-540-105,"+63 (949) 818-4411","Greenholt Group",pfeffer.com,"English Language Teacher",blue,1973-11-02,ymayert@nikolaus.net,Yz}+2NT!vI
ce6161a7-1809-329e-bdb1-32a45f9aaabb,Mrs.,Conner,Sauer,"75A/52 D'Amore Cliff Apt. 002",Poblacion,"San Jose",Cotabato,"Saint Vincent and the Grenadines",495-755-613,"+63 (931) 877-1778","Ziemann PLC",jerde.com,Artist,blue,1999-01-06,concepcion.schaefer@schumm.com,"Jex_KAV3""Q@O"
bd383f12-4cf6-3cab-a782-a22e9729dc15,Dr.,Santiago,Berge,"00A/51 Murray Causeway",Poblacion,Tubo,"Nueva Ecija",Turkey,375-815-847,"(0929) 453-7209",Stiedemann-Feeney,kihn.org,"Wind Instrument Repairer",yellow,2013-10-14,leda39@yundt.com,"}/O\Mf4dRIU"
86de5015-42d4-3f03-a53b-66674dc75b63,Dr.,Marta,Marvin,"48 Green Plaza",Poblacion,Languyan,"Surigao del Sur","French Polynesia",108-520-332,"+63 (974) 113-9008",Kassulke-Cruickshank,spinka.com,"Coil Winders",fuchsia,1974-11-12,jeffery63@brekke.net,uXeswE7yA
1d706a6a-e9bc-3560-9d27-ac0ed70ada87,Ms.,Glennie,Bashirian,"96/91 Bashirian Islands",Poblacion,Manabo,Palawan,"Saint Barthelemy",193-595-001,"+63 (936) 775-8785",Hill-Schmitt,schiller.com,"Craft Artist",gray,2017-09-05,waelchi.elsie@hotmail.com,mR'Q)pl]_8b
af1f24c0-77f8-3c16-a244-c8d116dcfd28,Mrs.,Katlynn,Predovic,"57/70 Vandervort Groves",Poblacion,"Vigan City",Quezon,Armenia,667-374-827,"(0919) 987-3988","Bartoletti, Ondricka and Price",hartmann.com,"Stringed Instrument Repairer and Tuner",aqua,1990-09-06,kirlin.alejandrin@hotmail.com,0jE9tW4]gk&
c79f6328-5759-3d7d-8a67-e4be272fa270,Mr.,Clotilde,Klein,"84A Runte Mountains",Poblacion,Bayog,"Davao del Sur",Guatemala,414-516-917,"+63 (977) 045-7991","Gislason Group",leuschke.net,"Armored Assault Vehicle Officer",aqua,1994-04-03,aidan57@hotmail.com,"b$E`,|$|"
b5b6dc34-8a1a-3db5-82c2-7116007e7977,Dr.,Alexa,Torphy,"30/48 Klein Passage Suite 090",Poblacion,Candoni,Bukidnon,Samoa,032-115-086,"(0927) 189-7888","Wisozk, Schowalter and Ruecker",schumm.net,"Sales Manager",aqua,1992-11-10,douglas.heath@hotmail.com,k~0e>=$9x}
1e5ac09f-3199-3bf0-a7b5-07714c6813d4,Mrs.,Letha,Rice,"52/98 Mante Harbor",Poblacion,Sibonga,Maguindanao,"British Indian Ocean Territory (Chagos Archipelago)",454-844-473,"+63 (926) 681-4259","Ankunding LLC",fay.com,"Marine Architect",aqua,1973-11-01,sawayn.moriah@hotmail.com,_XT~;n)~rU
5aae9177-9a51-301f-9f5d-4890dad1b0fa,Ms.,Una,Pollich,"19 Corwin Port Apt. 293",Poblacion,Malalag,"Nueva Vizcaya","Saint Pierre and Miquelon",446-247-014,"(0817) 557-9365","Fisher, White and Sporer",okon.com,Rigger,olive,2010-06-28,kaylee18@gmail.com,"x9-MOBk""HA"
a5f2200a-2a7f-3e5c-a137-ed0670614765,Miss,Eryn,Cormier,"62/35 Russel Hill Suite 592",Poblacion,Maripipi,Pampanga,Cyprus,691-880-749,"(0936) 682-8780","Ankunding, Waelchi and Miller",crooks.com,"Supervisor Correctional Officer",aqua,1977-05-29,botsford.alena@ledner.net,WI*u(IKxqm77
5a5f3023-a3df-3d63-bd19-56777c7143ab,Prof.,Clyde,Kozey,"76A Schultz Islands Apt. 864",Poblacion,Navotas,"Davao del Sur","Falkland Islands (Malvinas)",441-560-684,"(0922) 987-4698","Balistreri Inc",mayer.com,"Packer and Packager",purple,2021-07-10,gkertzmann@braun.biz,"J|8Sew[1<,"
d1926a3d-42fc-3129-af45-f02df7f675e1,Prof.,Colton,Abernathy,"96/94 Carter Brook Suite 305",Poblacion,Adams,Guimaras,"Saint Barthelemy",804-186-775,"(0944) 399-9769","Weissnat, Lakin and Rogahn",lockman.com,"Corporate Trainer",lime,2000-04-22,mjakubowski@gmail.com,IqO48Kt>@-:J
f5eab8e4-8a7f-3e60-b129-72bdcb846308,Mr.,Elenor,Bartell,"50A/84 Williamson Cape Suite 791",Poblacion,Bula,"Compostela Valley",Bahrain,358-155-343,"+63 (929) 525-9169","Langworth and Sons",kohler.com,"Fabric Mender",black,1999-04-21,abbie.brown@hotmail.com,;rf|+>ieyY#F
a1f74263-d4e6-3502-bfd9-84a5a9b5887c,Miss,Joy,Kohler,"41A/58 Torphy Trafficway Suite 998",Poblacion,Magallanes,Romblon,"New Caledonia",788-352-485,"(0928) 179-1047","Koss, Willms and Stehr",quitzon.com,"Product Promoter",teal,1989-09-13,sgulgowski@gmail.com,"Kb\bJibq8v~"
4fcab260-ff69-3db5-8907-bb98fac2e19e,Prof.,Winfield,Emmerich,"65A/12 Stracke Pass",Poblacion,Silago,Albay,"Kyrgyz Republic",888-056-856,"+63 (907) 874-9876",Bogisich-Bayer,kautzer.com,"Security Guard",aqua,1978-04-16,gstroman@yahoo.com,D6p7`J&WwR
daa3a652-7676-3b14-bd33-d0d830df974f,Mrs.,Rahsaan,Pfannerstill,"16/39 Kiehn Fork Apt. 983",Poblacion,"General Santos City","Nueva Vizcaya",Luxembourg,349-116-325,"(0925) 709-0285","Baumbach Group",lemke.com,TSA,olive,2001-05-04,stamm.electa@hotmail.com,K1ug[iZA^
b59f645e-94a3-30cf-a612-803eeebf09ff,Dr.,Michelle,Ledner,"99/74 Conn Keys Apt. 339",Poblacion,"San Antonio","Negros Occidental",Lebanon,192-147-495,"(0971) 943-1030","King Group",stark.com,"General Practitioner",yellow,2022-09-28,oheathcote@gmail.com,9y0&Rg~*Kj
7945af21-a523-3b11-9fb9-c9ae578f4001,Dr.,Cleve,Marvin,"23A Effertz Key",Poblacion,Bagabag,Camiguin,Canada,777-337-458,"+63 (908) 656-9851","Hills, Kozey and Stamm",erdman.com,"Medical Transcriptionist",teal,1991-05-10,habshire@oconnell.org,"u82BLcE""Mk"
c030c9d8-5ebf-334c-83a8-6afb404dbc23,Mrs.,Ward,Kreiger,"16 McKenzie Pine",Poblacion,"Old Panamao",Tarlac,Guernsey,676-446-273,"+63 (948) 104-8660","Corkery, Hackett and Runolfsdottir",rau.com,"Kindergarten Teacher",olive,1988-02-21,ctorphy@hotmail.com,Ks%F#%`a?tQ
ac53f5a2-48b1-33ca-928b-cdef2ee8b606,Mrs.,Sierra,Wisoky,"12 Graham Wells",Poblacion,Bautista,Masbate,Cambodia,295-004-123,"(0980) 579-6777","Lebsack, Hoppe and Ebert",rosenbaum.biz,"Visual Designer",maroon,1970-01-04,jarrett35@yahoo.com,"""g-Ot<<)?_Y%"
b012274d-3a79-39b8-85e4-cbc06ba87613,Mr.,Isaiah,Nitzsche,"96/25 Wilkinson Burg",Poblacion,"Sorsogon City","Davao Oriental",Denmark,431-572-821,"+63 (919) 397-6963",Yundt-Streich,white.biz,"Crossing Guard",green,2012-06-26,weimann.herman@gmail.com,m[g8DsYdC}Sh
17bf6ff9-b306-3bfe-bd5d-f82430e5b7ec,Dr.,Laron,Torp,"24A/46 Paucek Cliff",Poblacion,Parang,Cavite,"New Caledonia",844-575-203,"(0922) 843-9059",Pouros-Murray,strosin.biz,"Textile Knitting Machine Operator",navy,2000-10-06,justus75@lueilwitz.info,oq&qor4*-DdF
e905e9a9-9b04-3335-b6a0-4ebed8c3a82e,Dr.,Leola,Swaniawski,"30A/69 Donnelly Court Suite 405",Poblacion,Cervantes,Masbate,"Solomon Islands",972-505-299,"(0996) 977-1460","Bergstrom, Thompson and Jacobi",schulist.com,"Meter Mechanic",fuchsia,1981-12-12,lyric81@hotmail.com,:z]CBi:tih(t
af4b4031-8712-30ed-b46b-fb4c57da2b31,Prof.,Loy,Lind,"88 Bins Coves Apt. 324",Poblacion,Munai,Iloilo,"Syrian Arab Republic",073-617-238,"(0907) 414-7230","Heathcote LLC",auer.biz,"Insurance Appraiser",aqua,2005-03-21,connie37@yahoo.com,z/(ow'RQgo
2c450dbe-bdf9-3ab5-b632-7229da57e1c6,Prof.,Evie,Boyer,"45/18 Frami Mission Apt. 341",Poblacion,Libertad,"Northern Samar","Antarctica (the territory South of 60 deg S)",398-544-029,"(0920) 181-1290",Deckow-Robel,hane.com,"Life Science Technician",blue,2019-04-30,ernestine62@hartmann.com,h``+u~v7<
8d89836e-8bd3-319d-b8c8-489667cb7018,Ms.,Cecile,Murazik,"58A/00 Mraz Burgs Apt. 601",Poblacion,Pitogo,Batangas,Sudan,553-544-325,"+63 (813) 493-6112","Boehm, Bartell and McClure",zemlak.com,"Photographic Reproduction Technician",purple,1989-08-29,wreilly@hotmail.com,Y[$kY_1>tY:e
8a1b535c-ea20-36c3-8fc6-c2b07d4e1168,Prof.,Golda,Gleichner,"51A/99 Ortiz Square",Poblacion,Isabel,"Eastern Samar",Georgia,641-312-840,"(0929) 718-5386","Kuhic, Gutkowski and Dooley",gorczany.net,"Artillery Crew Member",fuchsia,1988-07-24,ianderson@heidenreich.com,"//hC6@9,9Lt"
247b0654-56ad-3a6c-a696-2504e2e745f2,Mr.,Jo,Pollich,"99A/48 Reichert Springs Apt. 485",Poblacion,Anahawan,Siquijor,"Netherlands Antilles",794-184-039,"(0949) 579-8998",Blanda-Bogisich,legros.biz,"Hunter and Trapper",gray,1976-09-23,gabriella.keebler@hotmail.com,?Q30][>g6q9o
cbd43343-672e-3f0f-82c7-1969e24e4db1,Dr.,Laurie,Hessel,"27A/26 Kuhn Via Suite 567",Poblacion,Gitagum,"Nueva Vizcaya",Suriname,790-976-987,"(0974) 176-7930","Mraz Group",oberbrunner.com,Healthcare,fuchsia,1992-10-22,jemmerich@yahoo.com,@CGT#L|&_Y
d32c713e-0753-3fa6-804f-2f8a668a7efe,Dr.,Fleta,Kerluke,"29A/11 Halvorson Springs Suite 124",Poblacion,Kawayan,Sorsogon,Tajikistan,557-703-210,"+63 (908) 252-8797",Lindgren-Kub,oconnell.com,"Personal Financial Advisor",teal,2012-11-14,carli06@hotmail.com,/O'Ox+Tk1qd
5c52ec0c-413f-3dd3-95e6-11398aa533af,Miss,Lucas,Lebsack,"96/48 Schamberger Fall",Poblacion,Tagudin,Siquijor,Thailand,599-127-890,"+63 (927) 914-2030",Kuhn-Hoppe,gerhold.com,"Fast Food Cook",olive,1979-07-25,olga57@hotmail.com,md{e-!I&Y$5
7b9fb375-0bc5-3742-93d8-5bd59d1ad68d,Mrs.,Abdullah,Stokes,"03A/02 Haag Locks Suite 856",Poblacion,Binidayan,Sarangani,Iceland,955-783-057,"(0973) 013-3946","Erdman LLC",crist.org,"Postal Clerk",maroon,1980-01-12,koelpin.dariana@goyette.com,DQ]=kfMlp
e1cb93e0-d643-3e93-9fb7-d89ebdb70549,Dr.,Abe,Pacocha,"95 Hansen Corners",Poblacion,Caramoran,Cotabato,Comoros,824-622-269,"(0949) 795-6532",Miller-Kerluke,hoeger.com,"Receptionist and Information Clerk",maroon,1971-09-28,anabelle.block@kuphal.net,2+a.!5B1vr
6d8fde05-26a3-3553-b665-8636e2e89a4c,Dr.,Georgette,Flatley,"62A/26 Lesch Loop",Poblacion,Esperanza,Albay,"Saint Helena",483-662-826,"(0927) 250-0392",Prohaska-Schinner,sauer.com,"Tax Examiner",purple,2007-10-18,fgreenholt@hotmail.com,C~r0PQ3w1
ce8556a4-02ef-3491-b3c0-07eabf8b9961,Mrs.,Judge,Pagac,"66/40 Rogahn Orchard Apt. 714",Poblacion,"San Antonio",Aurora,Ireland,650-653-454,"(0923) 587-0093","Veum, Koelpin and Koepp",schneider.net,"Armored Assault Vehicle Officer",teal,2023-09-22,lmurphy@schneider.com,"[)Ats.A1W""qX"
522f4f2f-d28d-3ecd-ac81-ee5bd124a67c,Prof.,Nyah,Klein,"70/23 Thompson Summit",Poblacion,"Malolos City",Cavite,"San Marino",733-071-020,"+63 (929) 601-5740",Blick-Little,wintheiser.com,Dispatcher,lime,1996-03-08,skiles.helga@kling.com,"""a6OB_+of"
00231160-3c21-3882-8db0-fc88db2e38b4,Miss,Quincy,Nienow,"86A/93 Heller Radial",Poblacion,Bani,Palawan,Ukraine,725-414-149,"+63 (933) 045-1548","Terry, Rice and Oberbrunner",predovic.com,"Creative Writer",gray,1992-02-24,joconnell@hotmail.com,"B}yDkIXy\R"
d7576317-d8d9-3b9e-8d68-11e50fbdbb72,Prof.,Samson,Turcotte,"56A/50 Fay Fall",Poblacion,Lapuyan,Aklan,"Turks and Caicos Islands",801-909-974,"+63 (949) 254-3498","Zboncak and Sons",koepp.com,Cashier,maroon,1996-05-28,tierra28@hotmail.com,QY+nCl](iA
c4e4d513-ffb3-322e-a23a-9471e71af379,Prof.,Nicola,Huels,"99 Reynolds Meadow Apt. 721",Poblacion,Bayombong,Marinduque,"Netherlands Antilles",819-853-739,"(0929) 430-9289",Goodwin-Bartoletti,jacobi.com,"Electrical Sales Representative",black,2022-08-11,lind.kenna@hotmail.com,"t\9j}N6kuqh"
5e67e92e-6dea-3e19-8034-d1c4ab9a9a41,Mrs.,Nikolas,Schuster,"44A Muller Course Apt. 482",Poblacion,Banaybanay,Samar,"Cook Islands",953-078-410,"(0920) 685-5750","Bosco, Barton and Yundt",jakubowski.info,"Furnace Operator",aqua,2012-07-21,hauck.hollis@beier.com,",l%VY8=NYRo"
d1b33ee3-b103-36df-b771-ac50b683b2f7,Mr.,Mayra,Reichel,"24/71 Jacobi Curve Apt. 255",Poblacion,Olutanga,"Camarines Sur","El Salvador",366-132-910,"+63 (907) 459-8791","O'Reilly, Reilly and Mante",hand.com,Embalmer,maroon,1979-05-17,lauretta84@hotmail.com,n~:F}Dr$
04de46b3-fef5-3b4b-a736-f3134382f190,Dr.,Tristin,Harris,"95A Emard Pass Suite 352",Poblacion,"Santo Tomas",Sorsogon,France,122-962-046,"(0906) 701-8257","Davis Inc",jacobs.com,"Prepress Technician",white,2011-05-27,rosinski@cruickshank.org,eA&7U1gol>
a4616e31-efae-32f3-996d-867b72b517d1,Mr.,Joannie,Kunze,"57A/59 Kub Creek Apt. 622",Poblacion,Bolinao,"Mountain Province",Fiji,504-453-716,"+63 (994) 358-8131","Waters PLC",cruickshank.org,"Food Preparation Worker",navy,1979-10-31,nannie00@hotmail.com,"gWNR1@?0U\"
39a3a749-b414-3cfc-b891-049fcca5a47d,Prof.,Luella,Williamson,"93 Lind Road Apt. 554",Poblacion,"Pio V. Corpuz","Surigao del Sur",Fiji,554-533-241,"(0912) 311-2400","Lehner Inc",hickle.com,"Log Grader and Scaler",black,1970-01-27,santino.koelpin@gmail.com,t'AkxQ@h*p
1761345d-217d-3a1b-ba52-26403f791b9e,Dr.,Lisette,Rowe,"87A Ryan Mount",Poblacion,Daanbantayan,Rizal,"Cook Islands",973-846-326,"(0912) 384-8094","Thompson, Powlowski and Greenholt",stehr.com,"Travel Guide",fuchsia,1995-07-06,kristofer05@yahoo.com,VQX`ytSOS1)
50f7013d-1668-3117-b55e-4ece2eb6c842,Ms.,Katelin,Dibbert,"39/40 Jaskolski Loop",Poblacion,Magarao,"Misamis Oriental",Brazil,290-756-799,"(0939) 536-1364",Nitzsche-Zulauf,mayert.net,"Electrolytic Plating Machine Operator",blue,2015-03-10,hill.providenci@yahoo.com,"TPp2cvj,"
97c13719-f9f0-30c4-a75b-2b00f2b856e8,Miss,Uriel,Walsh,"27A Raynor Squares",Poblacion,"San Francisco","Ilocos Norte",Georgia,572-586-531,"(0919) 193-6259",Abshire-Koch,gislason.org,"Statistical Assistant",gray,2011-01-24,kara.heidenreich@stoltenberg.net,O$ef]zV}?#$=
06282163-a94b-37ee-b0f3-85d1aee5a69a,Prof.,Sandrine,Ullrich,"67/55 Shanahan Vista",Poblacion,"San Vicente","Lanao del Norte",Kazakhstan,066-992-809,"(0997) 374-4362",Leffler-Baumbach,bogisich.com,"Furnace Operator",white,1976-10-05,adriel48@gmail.com,Kw4T.dcm22D
76116a33-fe2b-3446-868f-53a46a0b29b0,Mr.,Triston,Roob,"03A Schumm Ferry",Poblacion,"Mataas na Kahoy",Kalinga,Iraq,202-251-146,"(0948) 695-8692","Okuneva, Leuschke and Hodkiewicz",renner.com,"Marine Cargo Inspector",white,1980-01-05,hmayer@mayert.com,"\S>_O~%i~+n5"
7685aefb-f6db-38ba-86b2-f9faf692c328,Prof.,Jarrett,Nolan,"95A Predovic Vista Apt. 241",Poblacion,Cabiao,Kalinga,"Sao Tome and Principe",200-253-666,"(0911) 078-4543","Schulist, Keeling and Hoeger",white.info,"Materials Engineer",yellow,1981-09-07,anjali.powlowski@yahoo.com,"o;T(-y""sz"
65eea34c-91c9-3015-affa-d0c6dbcd83e6,Mr.,Jamaal,Fay,"62A/94 Robel Haven Apt. 617",Poblacion,Manay,Sorsogon,Tunisia,600-770-970,"(0919) 589-5281",Prohaska-Nicolas,williamson.com,"Organizational Development Manager",navy,2004-05-20,kbins@dietrich.com,Am/DI-aAP;
2cb37acd-8549-3202-9491-e95c3270fde9,Dr.,Randy,Hills,"04A/16 Johnson Camp",Poblacion,Pastrana,Bataan,"Burkina Faso",809-734-864,"(0942) 296-6311","Feil, Roberts and Kautzer",kassulke.com,"Human Resource Manager",green,1984-10-11,hbalistreri@kozey.info,cX*rUtJe
329498ef-f9c5-3aa8-9202-f809d9783426,Mr.,Thea,Kuhn,"54 Kreiger View Suite 236",Poblacion,"Santa Cruz","Dinagat Islands",Germany,372-015-436,"(0947) 702-1153",Fay-Medhurst,gislason.com,"Ship Pilot",olive,1975-08-05,keely.kuhn@mayert.biz,"|.gA6LL\#5q"
990484d5-eeb7-3e8c-af08-329b40415e0f,Dr.,Camylle,Hirthe,"78A/79 Von Rest",Poblacion,Rizal,"Zamboanga del Norte",Mongolia,910-887-904,"+63 (947) 708-7047","Gusikowski LLC",kling.com,"Glass Blower",teal,1998-06-20,whyatt@murray.com,"!a[L,5zMV1{"
a671463f-b99d-32bb-bb77-1bd197701eba,Mr.,Dino,Vandervort,"97 Thompson Meadows Suite 906",Poblacion,Piat,Bukidnon,"French Polynesia",857-020-149,"(0922) 012-4481","Graham PLC",kub.com,"Loan Officer",blue,1996-08-31,zsanford@yahoo.com,?U{al]}W
661ba218-793d-3b4a-b35a-46a81242b7df,Prof.,Elouise,Rath,"71 Gibson Overpass Apt. 744",Poblacion,"Datu Blah T. Sinsuat","Lanao del Norte",Mali,814-962-794,"+63 (989) 318-8820","Flatley, Braun and Larson",bradtke.net,"Conveyor Operator",maroon,1999-04-07,durgan.alaina@lockman.com,"~O40\!Tr"
9f5be67e-d201-3848-abb2-6ec89d18e295,Prof.,Neoma,Bins,"91A Carter Place",Poblacion,Sibulan,Leyte,Uruguay,230-823-925,"+63 (979) 161-4148","Mosciski, Cummings and Doyle",trantow.info,"Electric Motor Repairer",yellow,1985-04-09,schimmel.kayley@hotmail.com,h5O`HMI^F.
cd89d6a4-5402-3d03-9f45-14cd1c9f76c7,Dr.,Lisette,Beier,"00A/44 Prosacco Canyon",Poblacion,Tubigon,"Davao del Norte",Georgia,497-698-876,"+63 (940) 446-3929","Hyatt Ltd",zboncak.com,"Production Planner",teal,1983-09-28,russel.bobbie@yahoo.com,"//ilvQ9(,9A"
78cdf2c4-8c53-30fb-9820-b4bd0cc603d2,Mrs.,Arno,Shanahan,"96A Cassin Terrace",Poblacion,Daguioman,Guimaras,"Turks and Caicos Islands",197-669-396,"(0948) 762-9816","Kreiger, Connelly and Glover",kirlin.biz,"Director Religious Activities",gray,1977-04-04,sunny96@leannon.biz,",R0""B'gk5[0"
2e338196-5e0c-31da-aff6-8f79aae7d82c,Mr.,German,Abbott,"58A Wunsch Glen",Poblacion,Tambulig,Bulacan,Angola,950-241-557,"+63 (907) 163-1825","Watsica LLC",mante.com,"Craft Artist",purple,1979-02-24,hellen.weimann@hotmail.com,'wimaaSr9*SD
776766dd-2e60-3899-a638-0cad74f1aaac,Dr.,Elliot,Paucek,"85A/02 Morissette Pine",Poblacion,"Puerto Galera",Isabela,"Heard Island and McDonald Islands",500-435-514,"(0939) 870-3085",Frami-McDermott,braun.info,"Automotive Master Mechanic",olive,2008-04-19,bryce.bartell@yahoo.com,I.J5f/oM/d3+
5bc4ff16-820a-3f5e-af28-9d49458dafa5,Miss,Belle,Schuppe,"42A Bernier Fall",Poblacion,Jaen,Ifugao,Macedonia,644-248-739,"(0989) 249-3758","Schaden LLC",casper.com,"Medical Laboratory Technologist",black,2005-03-27,fsawayn@yahoo.com,Izm@8;Q.
f09b342e-18da-3ffc-9986-df793ac1f40f,Dr.,Luciano,Luettgen,"35 Casper Place",Poblacion,Lutayan,Tarlac,Colombia,270-061-396,"+63 (948) 643-4138","Kihn, Morissette and Harber",romaguera.com,Veterinarian,teal,1977-04-10,kertzmann.joseph@wintheiser.com,MU!GOnXLm
2de139cd-2e7b-3421-a3ac-fe69fcd729d6,Dr.,Brandy,Johns,"18 Hamill Prairie",Poblacion,"Turtle Islands",Camiguin,Malawi,376-200-643,"(0925) 019-5840",Altenwerth-Kiehn,greenfelder.com,"Landscape Architect",black,2019-09-16,henriette97@sanford.info,w^TA+%!ac
aab4905e-cf1c-3412-aad4-135e4d64cee4,Dr.,Yolanda,Medhurst,"41A/34 Funk Junctions Apt. 868",Poblacion,Tabogon,Aklan,Iraq,371-667-751,"+63 (942) 294-9911","Oberbrunner and Sons",harris.com,"Automotive Master Mechanic",navy,1980-06-19,samara42@vandervort.com,^=KM%vDwZ
eac65e27-2d97-3a00-98f5-0ff08e89bcce,Ms.,Elna,Considine,"31/37 Bartoletti Hill",Poblacion,Culion,"Surigao del Norte",Jordan,159-290-258,"+63 (996) 629-5395",Von-Carroll,sauer.com,"Farm and Home Management Advisor",aqua,1971-08-26,collins.don@upton.com,"n}>P9=w\"
9da93c4e-9db5-3fe6-9bf9-52dd631296e1,Mr.,Lupe,McKenzie,"22 Hackett Mission Apt. 945",Poblacion,Bauko,"Negros Occidental",Armenia,998-166-451,"(0932) 077-3438","Walker LLC",maggio.com,"Receptionist and Information Clerk",blue,2010-04-27,kuphal.richard@gmail.com,"E-,10Wlplajs"
b6b78a0e-29fe-3717-a554-24cc2d83e08f,Mr.,Blair,Reinger,"23 Osinski Prairie Apt. 731",Poblacion,Malabon,"Northern Samar",Venezuela,333-786-561,"(0912) 241-3604","Ratke, Turcotte and Rogahn",koss.com,"Technical Program Manager",black,2011-06-01,zbrekke@hotmail.com,v;>OuN-OYt(6
ba0b156c-9737-30f4-a853-a8d32078b52b,Ms.,Maxie,Huels,"51A Kuhic Path Suite 805",Poblacion,Bayog,Bataan,Haiti,429-910-394,"(0930) 535-3945","Dicki, Green and Volkman",maggio.org,"Ship Captain",yellow,2000-12-29,carolyn38@schmidt.info,"!^-Rd,yHx"
dfa42d8d-5154-3de0-84f6-f78bbd04f1fc,Miss,Alejandra,Fadel,"30 Franecki Alley Apt. 349",Poblacion,Burdeos,"Dinagat Islands","French Polynesia",800-622-647,"+63 (934) 243-7809","Mohr, Mueller and Hoppe",morar.biz,"Painting Machine Operator",olive,2022-12-08,arlene.mosciski@yahoo.com,QSWJ{!j*j>r9
6972a202-9df0-3087-aff8-dc26aaa7da59,Prof.,Donato,Bechtelar,"54/73 Morissette Mountain",Poblacion,"San Remigio",Sorsogon,Togo,627-448-585,"+63 (932) 027-3819",Kozey-Stoltenberg,marks.com,"Elementary School Teacher",green,2013-07-29,wiley.moen@mosciski.com,"3\O)H{{Ls_"
1b7629ac-e802-3ce8-a50b-283bfb38f7f9,Mrs.,Braeden,Hoeger,"80A Blanda Terrace",Poblacion,"San Fernando",Quezon,Ukraine,010-601-391,"+63 (905) 588-7416",Rippin-Bogan,mcclure.com,"Sawing Machine Operator",aqua,1979-03-17,aaliyah.maggio@gmail.com,`PV{qrXR)u
2bd103fe-64e9-3bfd-9fd4-e1f72f04f3fd,Prof.,Lexi,Stamm,"59A Schroeder Valley",Poblacion,Ballesteros,Bataan,Lesotho,151-987-871,"(0971) 047-3644","Blick, Reinger and Rice",kuhn.net,"History Teacher",purple,2020-08-11,chelsea12@williamson.com,tp`(rmVblv
c3302b32-a60c-39a6-8713-820420ff2e33,Prof.,Vance,Langworth,"70 Bogan Ranch Apt. 113",Poblacion,Paluan,Guimaras,Macao,519-099-347,"+63 (915) 641-2483",Mante-Ullrich,rempel.com,"Able Seamen",green,2017-12-16,willard41@gmail.com,{}7*z)>o1e
18c6051a-6964-3f2c-aab8-e4040db1c5e2,Mrs.,Braulio,Wuckert,"68/93 Pollich Walk Apt. 848",Poblacion,"General Salipada K. Pendatun",Quirino,Angola,467-323-599,"(0906) 925-4798",Schroeder-Kassulke,wilkinson.net,"Hotel Desk Clerk",lime,1991-08-21,ppaucek@gmail.com,<S'c^{UYwD
8f563a49-ddc4-3f56-83cf-382604a72ad6,Dr.,Mervin,Bogan,"34A Stracke Loaf Apt. 209",Poblacion,"Hadji Muhtamad","Davao Oriental",Monaco,171-189-443,"(0909) 481-2521","Sporer, Langosh and Schumm",mertz.info,Stonemason,purple,1974-10-17,cormier.bette@medhurst.info,"RmK#J5\Ogb"
0d1e8f14-59f1-3757-be80-d80d60c4fb38,Ms.,Raven,Wisoky,"53A/87 Reilly Street Apt. 833",Poblacion,Omar,Palawan,"Bouvet Island (Bouvetoya)",994-299-016,"(0975) 639-9569","Braun, Fadel and Fadel",moen.com,"Carpenter Assembler and Repairer",purple,2018-07-13,shad.hettinger@jaskolski.com,"!jP~""]|fI}r"
18f2997e-9ebf-3a04-9d69-4e61daa5a4c4,Dr.,Rebeka,Kohler,"62/72 Konopelski Green Apt. 701",Poblacion,"Puerto Princesa City","Zamboanga Sibugay",Portugal,878-432-964,"+63 (989) 085-1697","Kreiger, Kirlin and Skiles",marks.org,"Public Relations Specialist",yellow,2009-11-02,fpredovic@yahoo.com,XmOCo=|>IfS?
500ed596-cece-3257-8b6f-43187c820711,Dr.,Leora,Von,"95A Lebsack Estates",Poblacion,"Saint Bernard",Quirino,Cambodia,874-799-463,"(0942) 654-0420","Hoeger Group",hartmann.info,"Broadcast Technician",maroon,2011-06-20,sidney94@gerlach.com,T}iJ]$Ux(
4c7b4190-bf9e-3a66-90cc-0b7b3cb9c460,Dr.,Harvey,Ziemann,"40 Reilly Springs",Poblacion,Viga,"Misamis Occidental",Bhutan,202-607-410,"+63 (907) 436-3180",Fisher-Schaden,wuckert.com,"Lodging Manager",white,2018-08-04,letitia.von@block.com,iS(i6>:G%~n4
9bcdd089-773e-3043-9be8-15678803a778,Dr.,Annamae,Turner,"47/99 Keebler Place",Poblacion,Bansalan,Bataan,Sudan,409-538-783,"+63 (994) 934-2368","Dickinson, Bruen and Stark",upton.com,"Construction Laborer",olive,1983-01-27,rhirthe@gmail.com,VxY/va%s0
865dd882-6bb9-389b-a7a3-e77926bef5ba,Dr.,Judah,Kassulke,"58/21 Johnston Forges",Poblacion,Lumba-Bayabao,Capiz,"United States Minor Outlying Islands",315-875-876,"+63 (949) 661-2225",Hintz-Jones,skiles.com,"Order Filler OR Stock Clerk",olive,1993-05-03,fritsch.aubrey@gmail.com,FLEzuGeJ0
5246e92a-5cab-31f4-9567-461c8fd95de5,Prof.,Elian,Bosco,"38/40 Johns Course",Poblacion,Limay,Leyte,Monaco,740-026-988,"+63 (813) 562-8621","Gutkowski Group",mraz.net,"Bus Driver",white,2010-03-25,narciso.stokes@grimes.biz,"=u:fAut=owK,"
